FID,AREA,PERIMETER,HCAD_OLD,HCAD_NUMBE,CCAD_OLD,CCAD_NUMBE,ADR_OLD,ADR_NOW,ADR_NUM,ADR_FRAC,ADR_PREFIX,ADR_STREET,ADR_TYPE,ADR_SUF,ADR_BLDG_I,ADR_UNIT,ADR_CITY,ADR_STATE,ADR_ZIP,ADR_COUNTY,FLOOR_ID,TOTAL_FLOO,TOTAL_UNIT,COM_NAME,FAC_NAME,BUS_NAME,BUS_TYPE,BUS_TYPE2,REST_TYPE,REST,ZONING,YEAR_BUILT,USE_DESCR,JURISDICTI,JURISDIC_1,LABEL1,LABEL2,LABEL3,LABEL4,DATE_MOD1,DATE_MOD2,EDITOR,SOURCE_ID,COMMENT,USER_FLAG1,USER_FLAG2,RECORD_ID,X_COORD,Y_COORD,Z_COORD,Subdivisio,Sub_Sectio,Sub_Lots,created_us,created_da,last_edite,last_edi_1,Sub_Block,GC_Dist,Voter_prec,FEATURE,File_Name,CP,Unique_ID,created__1,created__2,last_edi_2,last_edi_3,LIFECYCLE,PostalCode,geometry,,x,y
4049,0,0,NA,NA,NA,NA, ,100 S ALEXANDER DR,100, ,S,ALEXANDER,DR, , , ,BAYTOWN,TX,77520,HARRIS, ,NA, ,RESTAURANT,BURGER,DAIRY QUEEN,BURGER, ,fast_food,,GC, , ,BAYTOWN,6,100, , , , ,NA,BOB, , ,City, ,NA,0,0,0, , , , ,,sde,1/10/15 00:00, ,7,0249,BUILDING,ADDRESS_POINTS_20200828, ,BTD.ADR.B0005300, ,,JACOB.PEARSON,1/29/21 00:00,ACTIVE,77520-7302,c(3250903.89053996, 13834704.7469866),-10570738.27,3468740.25
19178,0,0,NA,NA,NA,NA, ,1000 N ALEXANDER DR,1000, ,N,ALEXANDER,DR, , , ,BAYTOWN,TX,77520,HARRIS, ,NA, ,RESTAURANT,RESTAURANT,ASHAS ROTI SHOP, , ,caribbean,,MU, ,RIZ ZONE,BAYTOWN,6,1000, , , , ,NA,BOB, , ,City, ,NA,0,0,0, , , , ,,sde,1/10/15 00:00, ,7,0249,BUILDING,ADDRESS_POINTS_20200828, ,BTD.ADR.B0019770, ,,JACOB.PEARSON,1/29/21 00:00,ACTIVE,77520-5312,c(3251761.17031105, 13837218.0851274),-10570407.28,3469615.33
57821,0,0,NA,NA,NA,NA, ,1002 DECKER DR,1002, , ,DECKER,DR, , , ,BAYTOWN,TX,77520,HARRIS, ,NA, ,RETAIL,RESTAURANT,SOME BURGER,BURGER, ,fast_food,,NSC, ,RIZ ZONE,BAYTOWN,2, , , ,SOMEBURGER, ,NA,BOB, , ,City, ,NA,0,0,0, , , , ,,sde,1/10/15 00:00, ,2,0099,BUILDING,ADDRESS_POINTS_20200828, ,BTD.ADR.B0058461,ROBERT.AMOS,5/10/19 00:00,ROBERT.AMOS,4/7/21 00:00,ACTIVE,77520-4201,c(3244613.43319606, 13837595.8667666),-10572908.47,3469835.33
31470,0,0,NA,NA,NA,NA, ,1006 DECKER DR,1006, , ,DECKER,DR, , , ,BAYTOWN,TX,77520,HARRIS, ,NA, ,RETAIL,RESTAURANT,SARITAS MEXICAN RESTAURANT, , ,mexican,,NSC, ,RIZ ZONE,BAYTOWN,2,1006, , , , ,NA,BOB, , ,City, ,NA,0,0,0, , , , ,,sde,1/10/15 00:00, ,2,0099,BUILDING,ADDRESS_POINTS_20200828, ,BTD.ADR.B0031000, ,,JACOB.PEARSON,1/29/21 00:00,ACTIVE,77520-4435,c(3244499.77156518, 13837666.884356),-10572947.46,3469861.73
49296,0,0,NA,NA,NA,NA, ,1007 N MAIN ST,1007, ,N,MAIN,ST, , , ,BAYTOWN,TX,77520,HARRIS, ,NA, ,RETAIL,RESTAURANT,GOINGS BBQ,BBQ, ,bbq,,MU, ,RIZ ZONE,BAYTOWN,2,1007, , , , ,NA,BOB, , ,City, ,NA,0,0,0, , , , ,,sde,1/10/15 00:00, ,2,0099,BUILDING,ADDRESS_POINTS_20200828, ,BTD.ADR.B0049811, ,,JACOB.PEARSON,1/29/21 00:00,ACTIVE,77520-4655,c(3248773.37455233, 13838413.3090968),-10571440.23,3470072.85
28722,0,0,NA,NA,NA,NA, ,1020 DECKER DR,1020, , ,DECKER,DR, , , ,BAYTOWN,TX,77520,HARRIS, ,NA, ,RETAIL,RESTAURANT,CEST BON CARIBBEAN CREOLE CUISINE, , ,caribbean,,NSC, ,RIZ ZONE,BAYTOWN,2,1020, , , , ,NA,BOB, , ,City, ,NA,0,0,0, , , , ,,sde,1/10/15 00:00, ,2,0099,BUILDING,ADDRESS_POINTS_20200828, ,BTD.ADR.B0029043, ,,JACOB.PEARSON,1/29/21 00:00,ACTIVE, ,c(3244385.26480186, 13837852.0450905),-10572985.37,3469928.36
4102,0,0,NA,NA,NA,NA, ,10330 E IH 10,10330, ,E,IH 10, , , , ,BAYTOWN,TX,77523,CHAMBERS,0,NA, ,RETAIL,RESTAURANT,POPEYES CHICKEN,CHICKEN, ,fast_food,,GC, , ,BAYTOWN,5,10330, , , , ,NA,BOB,BAYTOWN, ,City, ,NA,0,0,0, , , , ,,sde,1/9/15 00:00, ,0,0011,BUILDING,ADDRESS_POINTS_20200828, ,BTD.ADR.B0005353, ,,JACOB.PEARSON,1/29/21 00:00,ACTIVE, ,c(3268216.21763836, 13868480.3757786),-10564254.52,3480432.80
4161,0,0,NA,NA,NA,NA,10430 HIGHWAY 10,10424 E IH 10 # 400,10424, ,E,IH 10, , , ,400,BAYTOWN,TX,77523,CHAMBERS, ,NA, ,RETAIL,RESTAURANT,PH HOUSE,CHINESE, ,chinese,,GC, , ,BAYTOWN LIMITED,5,10424,400, , ,20141110,NA,BOB,BAYTOWN,RENAMED TO BE IN LINE WITH HARRIS COUNTY 911 FILE,City, ,NA,0,0,0, , , , ,,sde,1/9/15 00:00, ,0,0011,BUILDING,ADDRESS_POINTS_20200828, ,BTD.ADR.B0005412, ,,ROBERT.AMOS,4/20/21 00:00,ACTIVE, ,c(3268960.15259999, 13868336.8420385),-10563995.28,3480372.98
4129,0,0,NA,NA,NA,NA,10430 HIGHWAY 10,10424 E IH 10 # 600,10424, ,E,IH 10, , , ,600,BAYTOWN,TX,77523,CHAMBERS, ,NA, ,RETAIL,RESTAURANT,DOMINOS PIZZA,PIZZA, ,pizza,,GC, , ,BAYTOWN LIMITED,5,10424,600, , ,20141110,NA,BOB,BAYTOWN,RENAMED TO BE IN LINE WITH HARRIS COUNTY 911 FILE,City, ,NA,0,0,0, , , , ,,sde,1/9/15 00:00, ,0,0011,BUILDING,ADDRESS_POINTS_20200828, ,BTD.ADR.B0005380, ,,ROBERT.AMOS,4/20/21 00:00,ACTIVE, ,c(3268941.237959, 13868256.1073177),-10564002.91,3480344.75
4053,0,0,NA,NA,NA,NA, ,105 N ALEXANDER DR,105, ,N,ALEXANDER,DR, , , ,BAYTOWN,TX,77520,HARRIS, ,NA, ,RESTAURANT,SANDWICH,BAYTOWN SANDWICH AND NOODLE HOUSE,SANDWICH, ,sandwich,,GC, ,RIZ ZONE,BAYTOWN,6,105, , , , ,NA,BOB, , ,City, ,NA,0,0,0, , , , ,,sde,1/10/15 00:00, ,2,0100,BUILDING,ADDRESS_POINTS_20200828, ,BTD.ADR.B0005304, ,,JACOB.PEARSON,1/29/21 00:00,ACTIVE,77520-5801,c(3250886.94399842, 13835102.5286695),-10570739.39,3468880.60
4017,0,0,NA,NA,NA,NA,10520 HIGHWAY 10,10520 E IH 10,10520, ,E,IH 10, , , , ,BAYTOWN,TX,77523,CHAMBERS, ,NA, ,RETAIL,RESTAURANT,FREDDYS FROZEN CUSTARD AND STEAKBURGERS,BURGER, ,fast_food,,GC, , ,BAYTOWN LIMITED,5,10520, , , ,20141110,NA,BOB,BAYTOWN,RENAMED TO BE IN LINE WITH HARRIS COUNTY 911 FILE,City, ,NA,0,0,0, , , , ,,sde,1/9/15 00:00, ,0,0011,BUILDING,ADDRESS_POINTS_20200828, ,BTD.ADR.B0005268, ,,JACOB.PEARSON,1/29/21 00:00,ACTIVE, ,c(3269426.82000695, 13868760.066747),-10563826.34,3480516.45
4009,0,0,NA,NA,NA,NA, ,11 S MAIN ST,11, ,S,MAIN,ST, , , ,BAYTOWN,TX,77520,HARRIS, ,NA, ,RETAIL,RESTAURANT,ROOSTER BBQ,B-B-Q, ,bbq,,ACE, ,RIZ ZONE,BAYTOWN,2,11, , , , ,NA,BOB, , ,City, ,NA,0,0,0, , , , ,,sde,1/10/15 00:00, ,2,0248,BUILDING,ADDRESS_POINTS_20200828, ,BTD.ADR.B0005260, ,,JACOB.PEARSON,1/29/21 00:00,ACTIVE, ,c(3247943.4008473, 13835988.4877033),-10571760.52,3469228.57
38279,0,0,NA,NA,NA,NA, ,1102 N ALEXANDER DR,1102, ,N,ALEXANDER,DR, , , ,BAYTOWN,TX,77520,HARRIS, ,NA, ,COMMERCIAL,FOOD,PALETERIA Y NEVERIA LA TAPATIA,RESTAURANT, ,dessert,,MU, ,RIZ ZONE,BAYTOWN,6,1102, , , , ,NA,BOB, , ,City, ,NA,0,0,0, , , , ,,sde,1/10/15 00:00, ,7,0249,BUILDING,ADDRESS_POINTS_20200828, ,BTD.ADR.B0040301, ,,JACOB.PEARSON,1/29/21 00:00,ACTIVE,77520-5314,c(3251925.37747524, 13837583.7254112),-10570345.28,3469742.16
31745,0,0,NA,NA,NA,NA, ,1105 WARD RD,1105, , ,WARD,RD, , , ,BAYTOWN,TX,77520,HARRIS, ,NA, ,COMMERCIAL,RESTAUTANT,TAQUERIA TAPATIA, , ,mexican,,MU, , ,BAYTOWN,6,1105, , , , ,NA,BOB, , ,City, ,NA,0,0,0, , , , ,,sde,1/10/15 00:00, ,7,0249,BUILDING,ADDRESS_POINTS_20200828, ,BTD.ADR.B0031709, ,,JACOB.PEARSON,1/29/21 00:00,ACTIVE,77520-5349,c(3253138.08060959, 13838477.1862459),-10569909.30,3470042.18
46528,0,0,NA,NA,NA,NA, ,1117 N ALEXANDER DR,1117, ,N,ALEXANDER,DR, , , ,BAYTOWN,TX,77520,HARRIS, ,NA, ,COMMERCIAL,FOOD,STAR DONUTS, , ,bakery,,MU, ,RIZ ZONE,BAYTOWN,2,1117, , , , ,NA,BOB, , ,City, ,NA,0,0,0, , , , ,,sde,1/10/15 00:00, ,7,0100,BUILDING,ADDRESS_POINTS_20200828, ,BTD.ADR.B0047817, ,,JACOB.PEARSON,1/29/21 00:00,ACTIVE,77520-5313,c(3251743.45148352, 13837628.0089804),-10570408.52,3469759.99
3085,0,0,NA,NA,NA,NA, ,11524 E IH 10,11524, ,E,IH 10, , , , ,COUNTY,TX,77523,CHAMBERS,0,NA, ,BILLBOARD OFF-SITE,SIGN,FAIRWAY, , ,grocery_store,,COUNTY AREA, , ,COUNTY AREA, ,11524, , , , ,NA,BOB, ,1 PANEL, , ,NA,0,0,0, , , , ,, ,, ,0,0011,UTILITY SIGN,ADDRESS_POINTS_20200828, ,BTD.ADR.B0003109, ,,JACOB.PEARSON,1/29/21 00:00,ACTIVE, ,c(3274892.91892312, 13869747.054717),-10561896.37,3480796.69
23202,0,0,NA,NA,NA,NA, ,12 E JAMES AVE,12, ,E,JAMES,AVE, , , ,BAYTOWN,TX,77520,HARRIS, ,NA, ,RETAIL,RESTAURANT,WHATAPOLLO,MEXICAN, ,mexican,,SF2, ,RIZ ZONE,BAYTOWN,2,12, , , , ,NA,BOB, , ,City, ,NA,0,0,0, , , , ,,sde,1/10/15 00:00, ,2,0248,BUILDING,ADDRESS_POINTS_20200828, ,BTD.ADR.B0024257, ,,JACOB.PEARSON,1/29/21 00:00,ACTIVE,77520-5045,c(3248492.52992026, 13836988.8353879),-10571555.92,3469574.35
46484,0,0,NA,NA,NA,NA, ,1201 N ALEXANDER DR,1201, ,N,ALEXANDER,DR, , , ,BAYTOWN,TX,77520,HARRIS, ,NA, ,RETAIL,BAR,LITTLE ONEALS GRILL & BAR,BAR, ,bar,,MU, ,RIZ ZONE,BAYTOWN,2,1201, , , , ,NA,BOB, , ,City, ,NA,0,0,0, , , , ,,sde,1/10/15 00:00, ,7,0100,BUILDING,ADDRESS_POINTS_20200828, ,BTD.ADR.B0047773, ,,JACOB.PEARSON,1/29/21 00:00,ACTIVE,77520-5315,c(3251782.09167032, 13837735.5276347),-10570393.67,3469797.40
4214,0,0,NA,NA,NA,NA, ,1201 W BAKER RD,1201, ,W,BAKER,RD, , , ,BAYTOWN,TX,77521,HARRIS, ,NA, ,RETAIL,RESTAURANT,LUBY'S,BUFFET, ,american,,GC, , ,BAYTOWN,4,1201, , ,LUBY'S,2014,2014,MATT, , ,City, ,NA,0,0,0, , , , ,,sde,1/10/15 00:00, ,4,0456,BUILDING,ADDRESS_POINTS_20200828, ,BTD.ADR.B0005465, ,,JACOB.PEARSON,1/29/21 00:00,ACTIVE,77521-2357,c(3244913.22734202, 13849228.0145429),-10572663.00,3473930.94
4131,0,0,NA,NA,NA,NA, ,1208 N MAIN ST,1208, ,N,MAIN,ST, , , ,BAYTOWN,TX,77520,HARRIS, ,NA, ,RETAIL,ICECREAM,LA FLOR DE MICHOACAN ICE CREAM PARLOR, , ,dessert,,MU, ,RIZ ZONE,BAYTOWN,2,1208, , , , ,NA,BOB, , ,City, ,NA,0,0,0, , , , ,,sde,1/10/15 00:00, ,7,0100,BUILDING,ADDRESS_POINTS_20200828, ,BTD.ADR.B0005382, ,,JACOB.PEARSON,1/29/21 00:00,ACTIVE,77520-4660,c(3249098.59755277, 13839063.0732335),-10571318.35,3470297.85
22239,0,0,NA,NA,NA,NA, ,1211 S AIRHART DR,1211, ,S,AIRHART,DR, , , ,BAYTOWN,TX,77520,HARRIS, ,NA, ,RETAIL,BEER,BEVERAGE MART, , ,bar,,LI, ,RIZ ZONE,BAYTOWN,1,1211, , , , ,NA,BOB, , ,City, ,NA,0,0,0, , , , ,,sde,1/10/15 00:00, ,2,0102,BUILDING,ADDRESS_POINTS_20200828, ,BTD.ADR.B0023688, ,,ROBERT.AMOS,4/7/21 00:00,ACTIVE,77520-4103,c(3236969.54221585, 13833869.0578568),-10575632.89,3468614.61
40142,0,0,NA,NA,NA,NA, ,1250 GARTH RD # A,1250, , ,GARTH,RD, , ,A,BAYTOWN,TX,77520,HARRIS, ,NA, ,RETAIL,RESTAURANT,SUBWAY,SANDWICH,DECKER SQUARE SHOPPING CENTER,sandwich,,GC, ,RIZ ZONE,BAYTOWN,2, ,A, , , ,NA,BOB, , ,City, ,NA,0,0,0, , , , ,,sde,1/10/15 00:00, ,4,0099,BUILDING,ADDRESS_POINTS_20200828, ,BTD.ADR.B0041374, ,,ROBERT.AMOS,4/7/21 00:00,ACTIVE,77520-3256,c(3244058.12656973, 13839144.8200072),-10573084.47,3470387.85
49481,0,0,NA,NA,NA,NA, ,1250 GARTH RD # H,1250, , ,GARTH,RD, , ,H,BAYTOWN,TX,77520,HARRIS, ,NA, ,RETAIL, ,EL GLOBO BAKERY PANADERIA, ,DECKER SQUARE SHOPPING CENTER,bakery,,GC, ,RIZ ZONE,BAYTOWN,2, ,H, , , ,NA,BOB, , ,City, ,NA,0,0,0, , , , ,,sde,1/10/15 00:00, ,4,0099,BUILDING,ADDRESS_POINTS_20200828, ,BTD.ADR.B0049996, ,,ROBERT.AMOS,4/7/21 00:00,ACTIVE, ,c(3244114.1720275, 13839102.6258299),-10573065.33,3470372.30
4120,0,0,NA,NA,NA,NA, ,1250 GARTH RD # J,1250, , ,GARTH,RD, , ,J,BAYTOWN,TX,77520,HARRIS, ,NA, ,RETAIL,RESTAURANT,LITTLE CEASARS,PIZZA,DECKER SQUARE SHOPPING CENTER,pizza,,GC, ,RIZ ZONE,BAYTOWN,2, ,J, , , ,NA,BOB, , ,City, ,NA,0,0,0, , , , ,,sde,1/10/15 00:00, ,4,0099,BUILDING,ADDRESS_POINTS_20200828, ,BTD.ADR.B0005371, ,,ROBERT.AMOS,4/7/21 00:00,ACTIVE, ,c(3244174.23074381, 13839058.1971778),-10573044.81,3470355.92
39795,0,0,NA,NA,NA,NA, ,1300 MARKET ST,1300, , ,MARKET,ST, , , ,BAYTOWN,TX,77520,HARRIS, ,NA, ,COMMERCIAL,RESTAURANT,RICARDOS MEXICAN GRILL, , ,mexican,,GC, ,RIZ ZONE,BAYTOWN,2,1300, , , , ,NA,BOB, , ,City, ,NA,0,0,0, , , , ,,sde,1/10/15 00:00, ,2,0099,BUILDING,ADDRESS_POINTS_20200828, ,BTD.ADR.B0039019, ,,JACOB.PEARSON,1/29/21 00:00,ACTIVE,77520-6754,c(3243642.80553677, 13836301.7421407),-10573264.34,3469391.11
4157,0,0,NA,NA,NA,NA, ,1301 DECKER DR,1301, , ,DECKER,DR, , , ,BAYTOWN,TX,77520,HARRIS, ,NA, ,RESTAURANT,RESTAURANT,ELTORO MEXICAN RESTAURANT,MEXICAN, ,mexican,,GC, ,RIZ ZONE,BAYTOWN,2,1301, , , , ,NA,BOB, , ,City, ,NA,0,0,0, , , , ,,sde,1/10/15 00:00, ,2,0099,BUILDING,ADDRESS_POINTS_20200828, ,BTD.ADR.B0005408, ,,JACOB.PEARSON,1/29/21 00:00,ACTIVE,77520-2415,c(3243584.36388722, 13838477.2581708),-10573258.61,3470158.37
31409,0,0,NA,NA,NA,NA, ,1301 GARTH RD,1301, , ,GARTH,RD, , , ,BAYTOWN,TX,77520,HARRIS, ,NA, ,RESTAURANT,RESTAURANT,PIZZA HUT,PIZZA, ,pizza,,GC, ,RIZ ZONE,BAYTOWN,2,1301, , , , ,NA,BOB, , ,City, ,NA,0,0,0, , , , ,,sde,1/10/15 00:00, ,4,0099,BUILDING,ADDRESS_POINTS_20200828, ,BTD.ADR.B0030939, ,,JACOB.PEARSON,1/29/21 00:00,ACTIVE,77520-2403,c(3243768.78316567, 13839091.7025451),-10573186.55,3470372.64
4015,0,0,NA,NA,NA,NA, ,1305 GARTH RD,1305, , ,GARTH,RD, , , ,BAYTOWN,TX,77520,HARRIS, ,NA, ,RETAIL,RESTAURANT,FAMILY DOLLAR,FAMILY DOLLAR, ,grocery_store,,GC, ,RIZ ZONE,BAYTOWN,2,1305, , , , ,NA,BOB, , ,City, ,NA,0,0,0, , , , ,,sde,1/10/15 00:00, ,4,0099,BUILDING,ADDRESS_POINTS_20200828, ,BTD.ADR.B0005266, ,,JACOB.PEARSON,1/29/21 00:00,ACTIVE,77520-2403,c(3243873.96966767, 13839372.344904),-10573146.29,3470470.26
37334,0,0,NA,NA,NA,NA, ,1331 CYPRESS ST,1331, , ,CYPRESS,ST, , , ,BAYTOWN,TX,77520,HARRIS, ,NA, ,PARKING LOT,RESTAURANT,El Sinaloense Restaurant,SEAFOOD, ,seafood,,MU,19270527,RIZ ZONE,BAYTOWN,1,1331, , , , ,NA,BOB,Mrs Amelia Z Airhart Addition, ,City, ,NA,0,0,0,AIRHART ADDITION, , , ,,sde,1/10/15 00:00,08,2,0102,LOT,ADDRESS_POINTS_20200828, ,BTD.ADR.B0038147, ,,JACOB.PEARSON,1/29/21 00:00,ACTIVE,77520-6232,c(3236677.82602024, 13834155.1470024),-10575731.72,3468718.92
17862,0,0,NA,NA,NA,NA, ,1402 N ALEXANDER DR,1402, ,N,ALEXANDER,DR, , , ,BAYTOWN,TX,77520,HARRIS, ,NA, ,COMMERCIAL,BAR,SOMEWHERE ELSE BAR, , ,bar,,MU, ,RIZ ZONE,BAYTOWN,6,1402, , , , ,NA,BOB, ,MCCARTNEY MOBILE HOME PARK,City, ,NA,0,0,0, , , , ,,sde,1/10/15 00:00, ,7,0249,BUILDING,ADDRESS_POINTS_20200828, ,BTD.ADR.B0016434, ,,JACOB.PEARSON,1/29/21 00:00,ACTIVE,77520-5353,c(3252156.31067104, 13838224.391042),-10570256.55,3469965.09
5558,0,0,NA,NA,NA,NA, ,1602 BEAUMONT RD,1602, , ,BEAUMONT,RD, , , ,BAYTOWN,TX,77520,HARRIS, ,NA, ,RETAIL,RESTAURANT,CASA OLE,MEXICAN, ,mexican,,MU, , ,BAYTOWN,6,1602, , , , ,NA,BOB, , ,City, ,NA,0,0,0, , , , ,,sde,1/10/15 00:00, ,7,0533,BUILDING,ADDRESS_POINTS_20200828, ,BTD.ADR.B0005201, ,,JACOB.PEARSON,1/29/21 00:00,ACTIVE,77520-3106,c(3252014.02500254, 13838987.8160461),-10570297.17,3470235.82
4065,0,0,NA,NA,NA,NA, ,1610 N MAIN ST,1610, ,N,MAIN,ST, , , ,BAYTOWN,TX,77520,HARRIS, ,NA, ,RETAIL,RESTAURANT,DONALDS DONUTS,BAKERY, ,bakery,,MU, ,RIZ ZONE,BAYTOWN,2,1610, , , , ,NA,BOB, , ,City, ,NA,0,0,0, , , , ,,sde,1/10/15 00:00, ,7,0099,BUILDING,ADDRESS_POINTS_20200828, ,BTD.ADR.B0005316, ,,JACOB.PEARSON,1/29/21 00:00,ACTIVE,77520-2857,c(3249130.73072666, 13840144.8507835),-10571293.99,3470678.64
4014,0,0,NA,NA,NA,NA, ,1613 N MAIN ST,1613, ,N,MAIN,ST, , , ,BAYTOWN,TX,77520,HARRIS, ,NA, ,RETAIL,RESTAURANT,SNO CONES,SNO CONES, ,dessert,,MU, ,RIZ ZONE,BAYTOWN,2,1613, , , , ,NA,BOB, , ,City, ,NA,0,0,0, , , , ,, ,, ,7,0099,BUILDING,ADDRESS_POINTS_20200828, ,BTD.ADR.B0005265, ,,JACOB.PEARSON,1/29/21 00:00,ACTIVE, ,c(3249039.11941522, 13840015.8210116),-10571327.67,3470634.29
4187,0,0,NA,NA,NA,NA, ,1700 DECKER DR,1700, , ,DECKER,DR, , , ,BAYTOWN,TX,77520,HARRIS, ,NA, ,RETAIL,GROCERIES,FOODTOWN, ,DECKER SQUARE SHOPPING CENTER,grocery_store,,GC, ,RIZ ZONE,BAYTOWN,2,1700, , , , ,NA,BOB, , ,City, ,NA,0,0,0, , , , ,,sde,1/10/15 00:00, ,4,0099,BUILDING,ADDRESS_POINTS_20200828, ,BTD.ADR.B0005438, ,,ROBERT.AMOS,4/7/21 00:00,ACTIVE,77520-2458,c(3244167.78688528, 13838737.1630792),-10573050.94,3470242.88
5559,0,0,NA,NA,NA,NA, ,1700 N ALEXANDER DR,1700, ,N,ALEXANDER,DR, , , ,BAYTOWN,TX,77520,HARRIS, ,NA, ,RETAIL,GROCERIES,KROGER, , ,grocery_store,,MU, , ,BAYTOWN,6,1700, , , , ,NA,BOB, , ,City, ,NA,0,0,0, , , , ,,sde,1/10/15 00:00, ,7,0532,BUILDING,ADDRESS_POINTS_20200828, ,BTD.ADR.B0005202, ,,JACOB.PEARSON,1/29/21 00:00,ACTIVE,77520-3442,c(3252695.61575981, 13839012.4186816),-10570057.92,3470236.18
32547,0,0,NA,NA,NA,NA,1703 EAST FWY,1703 E IH 10,1703, ,E,IH 10, , , , ,BAYTOWN,TX,77521,HARRIS, ,NA, , ,MCDONALDS,MCDONALDS, , ,fast_food,,GC, , ,BAYTOWN,3,1703, , ,MCDONALDS,20141110,NA,BOB, ,LOVES TRUCK STOP,City, ,NA,0,0,0, , , , ,,sde,1/10/15 00:00, ,3,0387,BUILDING,ADDRESS_POINTS_20200828, ,BTD.ADR.B0033310, ,,ROBERT.AMOS,4/14/21 00:00,ACTIVE, ,c(3226488.20209191, 13859126.2368642),-10579006.61,3477642.19
5538,0,0,NA,NA,NA,NA, ,1711 GARTH RD,1711, , ,GARTH,RD, , , ,BAYTOWN,TX,77520,HARRIS, ,NA, ,RETAIL SPACE,WOOD CREEK SHOPPING CENTER,LOS TORITOS TAMALES, , ,mexican,,GC, ,RIZ ZONE,BAYTOWN,2,1711, , , , ,NA,BOB, , ,City, ,NA,0,0,0, , , , ,,sde,1/10/15 00:00, ,4,0099,BUILDING,ADDRESS_POINTS_20200828, ,BTD.ADR.B0005181, ,,JACOB.PEARSON,1/29/21 00:00,ACTIVE,77520-2411,c(3244490.29736822, 13840320.2581407),-10572918.78,3470796.81
5583,0,0,NA,NA,NA,NA, ,1770 DECKER DR,1770, , ,DECKER,DR, , , ,BAYTOWN,TX,77520,HARRIS, ,NA, ,RETAIL,RESTAURANT,MCDONALDS,BURGER,DECKER SQUARE SHOPPING CENTER,fast_food,,GC, ,RIZ ZONE,BAYTOWN,2,1770, , , , ,NA,BOB, , ,City, ,NA,0,0,0, , , , ,,sde,1/10/15 00:00, ,4,0099,BUILDING,ADDRESS_POINTS_20200828, ,BTD.ADR.B0005226, ,,ROBERT.AMOS,4/7/21 00:00,ACTIVE,77520-3066,c(3243747.57177224, 13838640.0852977),-10573199.43,3470213.76
11434,0,0,NA,NA,NA,NA, ,1800 W MAIN ST,1800, ,W,MAIN,ST, , , ,BAYTOWN,TX,77520,HARRIS, ,NA, ,COMMERCIAL,BAR, , , ,bar,,MU, ,RIZ ZONE,BAYTOWN,1,1800, , , , ,NA,BOB, , ,City, ,NA,0,0,0, , , , ,,sde,1/10/15 00:00, ,1,0102,BUILDING,ADDRESS_POINTS_20200828, ,BTD.ADR.B0011543, ,,JACOB.PEARSON,1/29/21 00:00,ACTIVE,77520-6207,c(3240870.72386073, 13832561.7080724),-10574281.09,3468106.95
52452,0,0,NA,NA,NA,NA, ,1802 N MAIN ST,1802, ,N,MAIN,ST, , , ,BAYTOWN,TX,77520,HARRIS, ,NA, ,RETAIL,RESTAURANT,QUE LINDO ES MEXICO, , ,mexican,,MU, ,RIZ ZONE,BAYTOWN,2,1802, , , , ,NA,BOB, , ,City, ,NA,0,0,0, , , , ,,sde,1/10/15 00:00, ,7,0099,BUILDING,ADDRESS_POINTS_20200828, ,BTD.ADR.B0052603, ,,JACOB.PEARSON,1/29/21 00:00,ACTIVE,77520-2743,c(3249103.04334879, 13840532.8695913),-10571299.00,3470815.70
5548,0,0,NA,NA,NA,NA, ,1900 DECKER DR,1900, , ,DECKER,DR, , , ,BAYTOWN,TX,77520,HARRIS, ,NA, ,RETAIL,RESTAURANT,WHATABURGER,BURGER, ,fast_food,,GC, ,RIZ ZONE,BAYTOWN,2,1900, , , , ,NA,BOB, , ,City, ,NA,0,0,0, , , , ,,sde,1/10/15 00:00, ,4,0099,BUILDING,ADDRESS_POINTS_20200828, ,BTD.ADR.B0005191, ,,JACOB.PEARSON,1/29/21 00:00,ACTIVE,77520-2239,c(3243536.4531525, 13838856.1789974),-10573270.84,3470292.46
4006,0,0,NA,NA,NA,NA, ,1906 N ALEXANDER DR,1906, ,N,ALEXANDER,DR, , , ,BAYTOWN,TX,77520,HARRIS, ,NA, ,RESTAURANT,BAKERY,SNOWFLAKE DONUTS,BAKERY, ,bakery,,MU, , ,BAYTOWN,6,1906, , , , ,NA,BOB, , ,City, ,NA,0,0,0, , , , ,,sde,1/10/15 00:00, ,7,0532,BUILDING,ADDRESS_POINTS_20200828, ,BTD.ADR.B0005257, ,,JACOB.PEARSON,1/29/21 00:00,ACTIVE,77520-3405,c(3252956.78382172, 13839711.7181105),-10569957.87,3470479.40
43707,0,0,NA,NA,NA,NA, ,1907 DECKER DR,1907, , ,DECKER,DR, , , ,BAYTOWN,TX,77520,HARRIS, ,NA, ,RESTAURANT,RESTAURANT,WENDYS BURGERS, , ,fast_food,,GC, ,RIZ ZONE,BAYTOWN,2,1907, , , , ,NA,BOB, , ,City, ,NA,0,0,0, , , , ,,sde,1/10/15 00:00, ,2,0099,BUILDING,ADDRESS_POINTS_20200828, ,BTD.ADR.B0044172, ,,JACOB.PEARSON,1/29/21 00:00,ACTIVE,77520-2238,c(3243273.45189596, 13838873.9323185),-10573362.83,3470301.91
4033,0,0,NA,NA,NA,NA, ,1929 GARTH RD,1929, , ,GARTH,RD, , , ,BAYTOWN,TX,77520,HARRIS, ,NA, ,RESTAURANT,RESTAURANT,WOK D'LITE,CHINESE, ,chinese,,GC, ,RIZ ZONE,BAYTOWN,2,1929, , , , ,NA,BOB, , ,City, ,NA,0,0,0, , , , ,,sde,1/10/15 00:00, ,4,0099,BUILDING,ADDRESS_POINTS_20200828, ,BTD.ADR.B0005284, ,,JACOB.PEARSON,1/29/21 00:00,ACTIVE,77520-2468,c(3244736.7518045, 13840771.5127029),-10572826.93,3470952.83
4194,0,0,NA,NA,NA,NA, ,1930 GARTH RD,1930, , ,GARTH,RD, , , ,BAYTOWN,TX,77520,HARRIS, ,NA, ,RESTAURANT,RESTAURANT,BLACK BAYOU,BURGER, ,seafood,,GC, ,RIZ ZONE,BAYTOWN,2,1930, , , , ,NA,BOB, , ,City, ,NA,0,0,0, , , , ,,sde,1/10/15 00:00, ,4,0099,BUILDING,ADDRESS_POINTS_20200828, ,BTD.ADR.B0005445, ,,JACOB.PEARSON,1/29/21 00:00,ACTIVE,77520-2457,c(3244909.23281604, 13840735.7121556),-10572766.89,3470938.12
5561,0,0,NA,NA,NA,NA, ,1931 GARTH RD,1931, , ,GARTH,RD, , , ,BAYTOWN,TX,77520,HARRIS, ,NA, ,RESTAURANT,RESTAURANT,CHURCHS CHICKEN,CHICKEN, ,fast_food,,GC, ,RIZ ZONE,BAYTOWN,2,1931, , , , ,NA,BOB, , ,City, ,NA,0,0,0, , , , ,,sde,1/10/15 00:00, ,4,0099,BUILDING,ADDRESS_POINTS_20200828, ,BTD.ADR.B0005204, ,,JACOB.PEARSON,1/29/21 00:00,ACTIVE,77520-2468,c(3244742.72893581, 13840851.4527987),-10572823.87,3470980.93
10899,0,0,NA,NA,NA,NA, ,200 N ALEXANDER DR,200, ,N,ALEXANDER,DR, , , ,BAYTOWN,TX,77520,HARRIS, ,NA, ,COMMERCIAL,FOOD,TAJIN MEXICAN FOOD,RESTAURANT, ,mexican,,MU, ,RIZ ZONE,BAYTOWN,6,200, , , , ,NA,BOB, , ,City, ,NA,0,0,0, , , , ,,sde,1/10/15 00:00, ,7,0249,BUILDING,ADDRESS_POINTS_20200828, ,BTD.ADR.B0010594, ,,JACOB.PEARSON,1/29/21 00:00,ACTIVE,77520-5855,c(3251082.82383476, 13835220.9788975),-10570669.29,3468919.95
3616,0,0,NA,NA,NA,NA, ,2005 WARD RD,2005, , ,WARD,RD, , , ,BAYTOWN,TX,77520,HARRIS, ,NA, ,RETAIL,GROCERY,GREEN TREE, , ,grocery_store,, , , ,BAYTOWN,6,2005, , , , ,NA,BOB, , ,City, ,NA,0,0,0, , , , ,, ,, ,7,0249,BUILDING,ADDRESS_POINTS_20200828, ,BTD.ADR.B0002429, ,,JACOB.PEARSON,1/29/21 00:00,ACTIVE, ,c(3255994.9176117, 13838848.7043653),-10568903.25,3470138.19
4148,0,0,NA,NA,NA,NA, ,2009 WARD RD,2009, , ,WARD,RD, , , ,BAYTOWN,TX,77520,HARRIS, ,NA, ,RETAIL,GROCERIES,R K GROCERIES, , ,grocery_store,,NSC, , ,BAYTOWN,6,2009, , , , ,NA,BOB, , ,City, ,NA,0,0,0, , , , ,,sde,1/10/15 00:00, ,7,0249,BUILDING,ADDRESS_POINTS_20200828, ,BTD.ADR.B0005399, ,,JACOB.PEARSON,1/29/21 00:00,ACTIVE,77520-2424,c(3256074.24310902, 13838869.2836554),-10568875.19,3470144.47
57529,0,0,NA,NA,NA,NA, ,2104 JAMES BOWIE DR,2110, , ,JAMES BOWIE,DR, , , ,BAYTOWN,TX,77520,HARRIS, ,NA, ,COMMERCIAL,STORE,BOWIE FOOD MART,GROCERY, ,grocery_store,,MF2, , ,BAYTOWN,6,2110, , , , ,NA,BOB, , ,City, ,NA,0,0,0, , , , ,,sde,1/10/15 00:00, ,7,0532,BUILDING,ADDRESS_POINTS_20200828, ,BTD.ADR.B0057742, ,,JACOB.PEARSON,1/29/21 00:00,ACTIVE,77520-3341,c(3256226.62048476, 13842304.1380599),-10568779.96,3471352.95
11301,0,0,NA,NA,NA,NA, ,2109 N ALEXANDER DR,2109, ,N,ALEXANDER,DR, , , ,BAYTOWN,TX,77520,HARRIS, ,NA, ,COMMERCIAL,RESTAURANT,MI PARRILLADA, , ,mexican,,MU, , ,BAYTOWN,6,2109, , , , ,NA,BOB, , ,City, ,NA,0,0,0, , , , ,,sde,1/10/15 00:00, ,7,0533,BUILDING,ADDRESS_POINTS_20200828, ,BTD.ADR.B0011405, ,,JACOB.PEARSON,1/29/21 00:00,ACTIVE,77520-3432,c(3253067.38508738, 13840239.2039679),-10569912.69,3470663.92
4141,0,0,NA,NA,NA,NA, ,220 W MAIN ST,220, ,W,MAIN,ST, , , ,BAYTOWN,TX,77520,HARRIS, ,NA, ,RETAIL,GROCERIES,WEST MAIN FOOD STORE, , ,grocery_store,,MU, ,RIZ ZONE,BAYTOWN,2,220, , , , ,NA,BOB, , ,City, ,NA,0,0,0, , , , ,,sde,1/10/15 00:00, ,2,0248,BUILDING,ADDRESS_POINTS_20200828, ,BTD.ADR.B0005392, ,,JACOB.PEARSON,1/29/21 00:00,ACTIVE,77520-7541,c(3246145.48988569, 13832134.8702396),-10572437.31,3467892.70
39675,0,0,NA,NA,NA,NA, ,2206 N ALEXANDER DR,2206, ,N,ALEXANDER,DR, , , ,BAYTOWN,TX,77520,HARRIS, ,NA, ,COMMERCIAL,RESTAURANT,TACO BELL, , ,fast_food,,MU, , ,BAYTOWN,6,2206, , , , ,NA,BOB, , ,City, ,NA,0,0,0, , , , ,,sde,1/10/15 00:00, ,7,0532,BUILDING,ADDRESS_POINTS_20200828, ,BTD.ADR.B0038897, ,,ROBERT.AMOS,4/23/21 00:00,ACTIVE, ,c(3253506.35064155, 13840533.3615074),-10569755.22,3470762.21
30639,0,0,NA,NA,NA,NA, ,2210 N ALEXANDER DR,2210, ,N,ALEXANDER,DR, , , ,BAYTOWN,TX,77520,HARRIS, ,NA, ,COMMERCIAL,RESTAURANT,JACK IN THE BOX,BURGERS, ,fast_food,,MU, , ,BAYTOWN,6,2210, , , , ,NA,BOB, , ,City, ,NA,0,0,0, , , , ,,sde,1/10/15 00:00, ,7,0532,BUILDING,ADDRESS_POINTS_20200828, ,BTD.ADR.B0032190, ,,ROBERT.AMOS,4/23/21 00:00,ACTIVE, ,c(3253565.7198649, 13840629.3157506),-10569733.24,3470795.30
4122,0,0,NA,NA,NA,NA, ,224 W TEXAS AVE,224, ,W,TEXAS,AVE, , , ,BAYTOWN,TX,77520,HARRIS, ,NA, ,RETAIL,BAR,THE DIRTY BAY BEER COMPANY,BAR, ,bar,,ACE, ,RIZ ZONE,BAYTOWN,2,224, , , , ,NA,BOB, , ,City, ,NA,0,0,0, , , , ,,sde,1/10/15 00:00, ,2,0248,BUILDING,ADDRESS_POINTS_20200828, ,BTD.ADR.B0005373, ,,JACOB.PEARSON,1/29/21 00:00,ACTIVE,77520-7735,c(3247068.5315133, 13836136.5298409),-10572065.42,3469291.35
5388,0,0,NA,NA,NA,NA,227 S FM 565 RD,231 S FM 565 RD,231, ,S,FM 565,RD, , , ,BAYTOWN,TX,77521,CHAMBERS, ,NA, ,RETAIL,RESTAURANT,BURGER HUT,BURGER, ,fast_food,,GC, , ,BAYTOWN,5,231, , , , ,NA,BOB,BAYTOWN, ,City, ,NA,0,0,0, , , , ,,sde,1/9/15 00:00, ,6,0011,BUILDING,ADDRESS_POINTS_20200828, ,BTD.ADR.B0005030, ,,JACOB.PEARSON,1/29/21 00:00,ACTIVE, ,c(3265331.67458763, 13851430.0580541),-10565475.78,3474457.37
21445,0,0,NA,NA,NA,NA, ,2401 MASSEY TOMPKINS RD,2401, , ,MASSEY TOMPKINS,RD, , , ,BAYTOWN,TX,77521,HARRIS, ,NA, ,RETAIL,STORE,SNACK TIME FOOD MART, , ,grocery_store,,SF2, , ,BAYTOWN,5,2401, , , , ,NA,BOB,BAYTOWN, ,City, ,NA,0,0,0, , , , ,,sde,1/10/15 00:00, ,6,0414,BUILDING,ADDRESS_POINTS_20200828, ,BTD.ADR.B0021263, ,,JACOB.PEARSON,1/29/21 00:00,ACTIVE,77521-4837,c(3256520.30164905, 13848441.5637955),-10568602.25,3473512.30
50609,0,0,NA,NA,NA,NA, ,2409 N ALEXANDER DR,2409, ,N,ALEXANDER,DR, , , ,BAYTOWN,TX,77520,HARRIS, ,NA, ,RESTAURANT,MEXICAN,EL CACIQUE TAQUERIA,MEXICAN, ,mexican,,MU, , ,BAYTOWN,6,2409, ,EL CACIQUE TAQUERIA, , ,NA,BOB, , ,City, ,NA,0,0,0, , , , ,,sde,1/10/15 00:00, ,7,0533,BUILDING,ADDRESS_POINTS_20200828, ,BTD.ADR.B0052369, ,,JACOB.PEARSON,1/29/21 00:00,ACTIVE,77520-3331,c(3253815.41496413, 13841396.2779584),-10569636.38,3471062.51
4178,0,0,NA,NA,NA,NA, ,2517 MARKET ST,2517, , ,MARKET,ST, , , ,BAYTOWN,TX,77520,HARRIS, ,NA, ,RETAIL,GROCERIES,C & D GROCERY AND BAKERY, , ,bakery,,GC, ,RIZ ZONE,BAYTOWN,1,2517, , , , ,NA,BOB, , ,City, ,NA,0,0,0, , , , ,,sde,1/10/15 00:00, ,2,0102,BUILDING,ADDRESS_POINTS_20200828, ,BTD.ADR.B0005429, ,,JACOB.PEARSON,1/29/21 00:00,ACTIVE,77520-6221,c(3238091.9199655, 13833611.6035497),-10575242.54,3468510.38
4162,0,0,NA,NA,NA,NA, ,2518 WARD RD,2518, , ,WARD,RD, , , ,BAYTOWN,TX,77520,HARRIS, ,NA, ,COMMERCIAL,GROCERIES,BAYTOWN FOOD MART, , ,grocery_store,,MU, , ,BAYTOWN,6,2518, , , , ,NA,BOB,BAYTOWN, ,City, ,NA,0,0,0, , , , ,,sde,1/10/15 00:00, ,7,0414,BUILDING,ADDRESS_POINTS_20200828, ,BTD.ADR.B0005413, ,,JACOB.PEARSON,1/29/21 00:00,ACTIVE,77520-5515,c(3258498.28349679, 13839567.4784612),-10568016.87,3470360.81
57679,0,0,NA,NA,NA,NA, ,2651 SH146 BS # A,2651, , ,SH 146, ,BS, ,A,BAYTOWN,TX,77520,HARRIS, ,NA, ,BAR,BAR,O NEALS,CITY OF BAYTOWN, ,bar,,LC, , ,BAYTOWN,1,2651 # A, , , , ,NA,BOB, , ,City, ,NA,0,0,0, , , , ,,sde,1/10/15 00:00, ,2,0100,BUILDING,ADDRESS_POINTS_20200828, ,BTD.ADR.B0058318,ROBERT.AMOS,3/22/19 00:00,JACOB.PEARSON,1/29/21 00:00,ACTIVE, ,c(3239136.08178754, 13827134.277454),-10574954.28,3466215.90
14885,0,0,NA,NA,NA,NA, ,2701 N ALEXANDER DR # 1,2701, ,N,ALEXANDER,DR, , ,1,BAYTOWN,TX,77520,HARRIS, ,NA, ,COMMERCIAL,RETAIL SPACE,SUBWAY,RESTAURANT, ,sandwich,,MU, , ,BAYTOWN,6, ,2701 # 1, , , ,NA,BOB, , ,City, ,NA,0,0,0, , , , ,,sde,1/10/15 00:00, ,7,0533,BUILDING,ADDRESS_POINTS_20200828, ,BTD.ADR.B0015843, ,,JACOB.PEARSON,1/29/21 00:00,ACTIVE, ,c(3254281.52393132, 13842103.1558648),-10569464.37,3471305.91
31914,0,0,NA,NA,NA,NA, ,2707 MARKET ST,2707, , ,MARKET,ST, , , ,BAYTOWN,TX,77520,HARRIS, ,NA, ,COMMERCIAL,DONUT SHOP,GLAZED DONUTS 2,BAKERY, ,bakery,,GC, ,RIZ ZONE,BAYTOWN,1,2707, , , , ,NA,BOB, , ,City, ,NA,0,0,0, , , , ,,sde,1/10/15 00:00, ,2,0102,BUILDING,ADDRESS_POINTS_20200828, ,BTD.ADR.B0031880, ,,JACOB.PEARSON,1/29/21 00:00,ACTIVE,77520-6225,c(3237414.45759104, 13833465.3311259),-10575481.77,3468467.01
27866,0,0,NA,NA,NA,NA, ,2717 N ALEXANDER DR,2717, ,N,ALEXANDER,DR, , , ,BAYTOWN,TX,77520,HARRIS, ,NA, ,BAR,BAR,DIRTY DS TAVERN, , ,bar,,MU, , ,BAYTOWN,6,2717, , , , ,NA,BOB, , ,City, ,NA,0,0,0, , , , ,,sde,1/10/15 00:00, ,7,0533,BUILDING,ADDRESS_POINTS_20200828, ,BTD.ADR.B0026972, ,,JACOB.PEARSON,1/29/21 00:00,ACTIVE,77520-3336,c(3254610.98787162, 13842516.6736242),-10569343.83,3471447.61
25883,0,0,NA,NA,NA,NA, ,2727 W BAKER RD,2727, ,W,BAKER,RD, , , ,BAYTOWN,TX,77521,HARRIS, ,NA, ,COMMERCIAL,FOOD,ANTONIOS,ITALION,ITALION,italian,,NSC, , ,BAYTOWN,4,2727, , , ,20141002,NA,BOB, , ,City, ,NA,0,0,0, , , , ,,sde,1/10/15 00:00, ,4,0028,BUILDING,ADDRESS_POINTS_20200828, ,BTD.ADR.B0024551, ,,JACOB.PEARSON,1/29/21 00:00,ACTIVE, ,c(3240866.1085657, 13849115.0344635),-10574083.61,3473940.15
4013,0,0,NA,NA,NA,NA, ,2809 MARKET ST,2809, , ,MARKET,ST, , , ,BAYTOWN,TX,77520,HARRIS, ,NA, ,RETAIL,RESTAURANT,EL MICHOACANO, , ,mexican,,MU, ,RIZ ZONE,BAYTOWN,1,2809, , , , ,NA,BOB, , ,City, ,NA,0,0,0, , , , ,, ,, ,2,0102,BUILDING,ADDRESS_POINTS_20200828, ,BTD.ADR.B0005264, ,,JACOB.PEARSON,1/29/21 00:00,ACTIVE, ,c(3236955.49357763, 13833679.2247718),-10575640.09,3468547.90
43817,0,0,NA,NA,NA,NA, ,2901 W BAKER RD,2901, ,W,BAKER,RD, , , ,BAYTOWN,TX,77521,HARRIS, ,NA, ,COMMERCIAL,FOOD,SERENA DONUTS,DONUTS, ,bakery,,NSC, , ,BAYTOWN,4,2901, , , ,2014,2014,MATT, , ,City, ,NA,0,0,0,COUNTRY CLUB OAKS, , , ,,sde,1/10/15 00:00, ,4,0028,BUILDING,ADDRESS_POINTS_20200828, ,BTD.ADR.B0044282, ,,JACOB.PEARSON,1/29/21 00:00,ACTIVE,77521-2058,c(3240127.90391838, 13849191.9690602),-10574341.56,3473976.19
12988,0,0,NA,NA,NA,NA, ,2915 MARKET ST,2915, , ,MARKET,ST, , , ,BAYTOWN,TX,77520,HARRIS, ,NA, ,RETAIL,RESTAURANT,TAQUERIA SAHUAYO, , ,mexican,,MU, ,RIZ ZONE,BAYTOWN,1,2915, , , , ,NA,BOB, , ,City, ,NA,0,0,0, , , , ,,sde,1/10/15 00:00, ,2,0102,BUILDING,ADDRESS_POINTS_20200828, ,BTD.ADR.B0012305, ,,JACOB.PEARSON,1/29/21 00:00,ACTIVE,77520-6229,c(3236665.62970223, 13833946.1408746),-10575738.50,3468645.43
18051,0,0,NA,NA,NA,NA, ,300 S ALEXANDER DR,300, ,S,ALEXANDER,DR, , ,109 UNITS,BAYTOWN,TX,77520,HARRIS, ,NA, ,COMMERCIAL,HOTEL,ECONO LODGE - SHADYS LOUNGE - RESTAURANT, , ,american,,GC, ,23,BAYTOWN,6,300,300, , , ,NA,BOB, , ,City, ,NA,0,0,0, , , , ,,sde,1/10/15 00:00, ,7,0249,BUILDING,ADDRESS_POINTS_20200828, ,BTD.ADR.B0019856, ,,JACOB.PEARSON,1/29/21 00:00,ACTIVE,77520-7306,c(3250733.759799, 13833882.522078),-10570807.87,3468452.64
53932,0,0,NA,NA,NA,NA, ,3002 GARTH RD,3002, , ,GARTH,RD, , , ,BAYTOWN,TX,77521,HARRIS, ,NA, ,COMMERCIAL,SANDWICH,COLONIAL HOUSE OF SANDWICHES,RESTAURANT, ,sandwich,,NSC, , ,BAYTOWN,1,3002, , ,COLONIAL HOUSE OF SANDWICHES, ,NA,MATT,BAYTOWN, ,City, ,NA,0,0,0,GLENARBOR, , , ,,sde,1/10/15 00:00, ,4,0012,RETAIL SPACE,ADDRESS_POINTS_20200828, ,BTD.ADR.B0054108, ,,JACOB.PEARSON,1/29/21 00:00,ACTIVE,77521-3914,c(3244865.6922865, 13843147.0410161),-10572753.06,3471788.39
4032,0,0,NA,NA,NA,NA, ,3002 W BAKER RD,3002, ,W,BAKER,RD, , , ,BAYTOWN,TX,77521,HARRIS, ,NA, ,RETAIL,GROCERIES,FOODTOWN, , ,grocery_store,,NSC, , ,BAYTOWN,3,3002, , , , ,NA,MATT,CENTERPOINT, ,City, ,NA,0,0,0, , , , ,,sde,1/10/15 00:00, ,1,0739,BUILDING,ADDRESS_POINTS_20200828, ,BTD.ADR.B0005283, ,,JACOB.PEARSON,1/29/21 00:00,ACTIVE,77521-2068,c(3238209.9975331, 13849757.3039683),-10575007.35,3474198.62
18183,0,0,NA,NA,NA,NA, ,308 N ALEXANDER DR,308, ,N,ALEXANDER,DR, , , ,BAYTOWN,TX,77520,HARRIS, ,NA, ,COMMERCIAL,RESTAURANT,HARTZS CHICKEN, , ,fast_food,,MU, ,RIZ ZONE,BAYTOWN,6,308, , , , ,NA,BOB, , ,City, ,NA,0,0,0, , , , ,,sde,1/10/15 00:00, ,7,0249,BUILDING,ADDRESS_POINTS_20200828, ,BTD.ADR.B0019987, ,,JACOB.PEARSON,1/29/21 00:00,ACTIVE,77520-5805,c(3251130.52467575, 13835309.1531689),-10570651.50,3468950.44
25720,0,0,NA,NA,NA,NA, ,310 N ALEXANDER DR,310, ,N,ALEXANDER,DR, , , ,BAYTOWN,TX,77520,HARRIS, ,NA, ,COMMERCIAL,RESTAURANT,MCDONALDS, , ,fast_food,,MU, ,RIZ ZONE,BAYTOWN,6,310, , , , ,NA,BOB, , ,City, ,NA,0,0,0, , , , ,,sde,1/10/15 00:00, ,7,0249,BUILDING,ADDRESS_POINTS_20200828, ,BTD.ADR.B0024385, ,,JACOB.PEARSON,1/29/21 00:00,ACTIVE,77520-5805,c(3251173.71083768, 13835470.1345277),-10570634.41,3469006.63
60881,0,0,NA,NA,NA,NA, ,3214 BARBERS HILL RD,3214, , ,BARBERS HILL,RD, , , ,COUNTY,TX,77562,HARRIS, ,NA, ,COMMERCIAL, ,JUNIORS SMOKE HOUSE, , ,bbq,,COUNTY AREA, , ,COUNTY AREA, ,3214, , ,JUNIORS SMOKE HOUSE, ,NA,BOB, ,MULTIPLE PROPERTIES 4 HOUSES ALL SAME ADDRESS - 1 BIG FAMILY, , ,NA,0,0,0, , , , ,,sde,1/10/15 00:00, ,3,0387,BUILDING,ADDRESS_POINTS_20200828, ,BTD.ADR.B0062366,ROBERT.AMOS,1/20/21 00:00,ROBERT.AMOS,4/7/21 00:00,ACTIVE,77562-2343,c(3232006.70719243, 13875232.4095936),-10576878.16,3483255.67
39597,0,0,NA,NA,NA,NA, ,3321 MARKET ST,3321, , ,MARKET,ST, , , ,BAYTOWN,TX,77520,HARRIS, ,NA, ,RETAIL,RESTAURANT,BIG PAPPAS SMOKEHOUSE AND MORE, , ,bbq,,MU, ,RIZ ZONE,BAYTOWN,1,3321, , , , ,NA,BOB, , ,City, ,NA,0,0,0, , , , ,,sde,1/10/15 00:00, ,2,0102,BUILDING,ADDRESS_POINTS_20200828, ,BTD.ADR.B0038810, ,,JACOB.PEARSON,1/29/21 00:00,ACTIVE,77520-5955,c(3235865.45344443, 13834705.5806642),-10576009.90,3468922.64
4023,0,0,NA,NA,NA,NA, ,3413 GARTH RD # A,3413, , ,GARTH,RD, , ,A,BAYTOWN,TX,77521,HARRIS, ,NA, ,COMMERCIAL,RESTAURANT,PIZZA HUT,PIZZA, ,pizza,,GC, , ,BAYTOWN,1,3413 # A,A, , , ,NA,BOB,CENTERPOINT, ,City, ,NA,0,0,0, , , , ,,sde,1/10/15 00:00, ,1,0013,BUILDING,ADDRESS_POINTS_20200828, ,BTD.ADR.B0005274, ,,ROBERT.AMOS,4/7/21 00:00,ACTIVE,77521-3852,c(3244332.68806612, 13845504.2128208),-10572911.51,3472625.55
7530,0,0,NA,NA,NA,NA, ,3500 GARTH RD,3500, , ,GARTH,RD, , , ,BAYTOWN,TX,77521,HARRIS, ,NA, ,RETAIL, ,JOE VS,GROCERIES, ,grocery_store,,GC, , ,BAYTOWN,1,3500, , , ,2014,2014,MATT, , ,City, ,NA,0,0,0, , , , ,,sde,1/10/15 00:00, ,4,0456,BUILDING,ADDRESS_POINTS_20200828, ,BTD.ADR.B0007600, ,,JACOB.PEARSON,1/29/21 00:00,ACTIVE,77521-3812,c(3245119.25720583, 13845976.6828496),-10572630.00,3472782.53
22236,0,0,NA,NA,NA,NA, ,3507 MARKET ST,3507, , ,MARKET,ST, , , ,BAYTOWN,TX,77520,HARRIS, ,NA, ,RETAIL,RESTAURANT,BAYTOWN CAFE Y TAQUERIA, , ,mexican,,MU, ,RIZ ZONE,BAYTOWN,1,3507, , , , ,NA,BOB, , ,City, ,NA,0,0,0, , , , ,,sde,1/10/15 00:00, ,2,0102,BUILDING,ADDRESS_POINTS_20200828, ,BTD.ADR.B0023685, ,,JACOB.PEARSON,1/29/21 00:00,ACTIVE,77520-5953,c(3235478.51222374, 13834900.3542044),-10576143.21,3468995.92
41442,0,0,NA,NA,NA,NA, ,3517 GARTH RD,3517, , ,GARTH,RD, , , ,BAYTOWN,TX,77521,HARRIS, ,NA, ,RESTAURANT,RESTAURANT,DOUBLE DAVES PIZZA,PIZZA, ,pizza,,GC, , ,BAYTOWN,1,3517, , , , ,NA,MATT,CENTERPOINT, ,City, ,NA,0,0,0, , , , ,,sde,1/10/15 00:00, ,1,0013,RETAIL SPACE,ADDRESS_POINTS_20200828, ,BTD.ADR.B0041880, ,,JACOB.PEARSON,1/29/21 00:00,ACTIVE,77521-3854,c(3244180.96389539, 13846141.8620098),-10572957.02,3472852.12
14796,0,0,NA,NA,NA,NA, ,3520 GARTH RD,3520, , ,GARTH,RD, , , ,BAYTOWN,TX,77521,HARRIS, ,NA, ,COMMERCIAL,FOOD,TACO BELL,RESTAURANT,MEXICAN,fast_food,,GC, , ,BAYTOWN,1,3520, , , ,2014,2014,MATT, , ,City, ,NA,0,0,0, , , , ,,sde,1/10/15 00:00, ,4,0456,BUILDING,ADDRESS_POINTS_20200828, ,BTD.ADR.B0015339, ,,JACOB.PEARSON,1/29/21 00:00,ACTIVE,77521-3812,c(3244634.76560898, 13846172.0030988),-10572797.53,3472857.24
45531,0,0,NA,NA,NA,NA, ,3521 N MAIN ST,3521, ,N,MAIN,ST, , , ,BAYTOWN,TX,77521,HARRIS, ,NA, ,RETAIL,GROCERIES,FOOD TOWN,FOOD TOWN, ,grocery_store,,GC, , ,BAYTOWN,4,3521, , , ,2014,2014,MATT, , ,City, ,NA,0,0,0, , , , ,,sde,1/10/15 00:00, ,4,0456,BUILDING,ADDRESS_POINTS_20200828, ,BTD.ADR.B0046006, ,,JACOB.PEARSON,1/29/21 00:00,ACTIVE,77521-4117,c(3248347.18486793, 13846239.6146512),-10571494.95,3472835.98
26861,0,0,NA,NA,NA,NA, ,3600 GARTH RD,3600, , ,GARTH,RD, , , ,BAYTOWN,TX,77521,HARRIS, ,NA, ,COMMERCIAL,FOOD,SUBWAY,RESTAURANT,SANDWICH SHOP,sandwich,,GC, , ,BAYTOWN,4,3600, , , , ,NA,MATT,BAYTOWN, ,City, ,NA,0,0,0, , , , ,,sde,1/10/15 00:00, ,4,0456,BUILDING,ADDRESS_POINTS_20200828, ,BTD.ADR.B0027152, ,,JACOB.PEARSON,1/29/21 00:00,ACTIVE,77521-3814,c(3244598.37788936, 13846389.9155582),-10572807.66,3472934.48
44650,0,0,NA,NA,NA,NA, ,3703 GARTH RD,3703, , ,GARTH,RD, , , ,BAYTOWN,TX,77521,HARRIS, ,NA, ,RETAIL,RESTAURANT,HIBACHI GRILL & BUFFET, , ,chinese,,GC, , ,BAYTOWN,4,3703, , , ,2014,2014,MATT, , ,City, ,NA,0,0,0, , , , ,,sde,1/10/15 00:00, ,4,0028,BUILDING,ADDRESS_POINTS_20200828, ,BTD.ADR.B0046324, ,,JACOB.PEARSON,1/29/21 00:00,ACTIVE,77521-3101,c(3244262.74812324, 13846851.6322452),-10572919.78,3473101.28
29237,0,0,NA,NA,NA,NA, ,3712 W BAKER RD,3712, ,W,BAKER,RD, , , ,BAYTOWN,TX,77521,HARRIS, ,NA, ,RETAIL SPACE,FOOD,LA POTOCINA MEAT MARKET,MEAT MARKET, ,grocery_store,,NSC, , ,BAYTOWN,3,3712, , , , ,NA,MATT,CENTERPOINT, ,City, ,NA,0,0,0, , , , ,,sde,1/10/15 00:00, ,1,0739,BUILDING,ADDRESS_POINTS_20200828, ,BTD.ADR.B0028353, ,,JACOB.PEARSON,1/29/21 00:00,ACTIVE,77521-1801,c(3235593.19970531, 13849620.1451132),-10575926.68,3474181.82
5572,0,0,NA,NA,NA,NA, ,4006 GARTH RD,4006, , ,GARTH,RD, , , ,BAYTOWN,TX,77521,HARRIS, ,NA, ,RETAIL,RESTAURANT,KFC,CHICKEN, ,fast_food,,GC, , ,BAYTOWN,4,4006, , , , ,NA,MATT,CENTERPOINT, ,City, ,NA,0,0,0, , , , ,,sde,1/10/15 00:00, ,4,0456,BUILDING,ADDRESS_POINTS_20200828, ,BTD.ADR.B0005215, ,,JACOB.PEARSON,1/29/21 00:00,ACTIVE,77521-3108,c(3244490.49454154, 13848649.0985531),-10572818.23,3473732.03
4208,0,0,NA,NA,NA,NA, ,4010 GARTH RD,4010, , ,GARTH,RD, , , ,BAYTOWN,TX,77521,HARRIS, ,NA, ,RETAIL,RESTAURANT,SCHLOTSKY'S,SANDWICH, ,sandwich,,GC, , ,BAYTOWN,4,4010, , , , ,NA,MATT,CENTERPOINT, ,City, ,NA,0,0,0, , , , ,,sde,1/10/15 00:00, ,4,0456,BUILDING,ADDRESS_POINTS_20200828, ,BTD.ADR.B0005459, ,,JACOB.PEARSON,1/29/21 00:00,ACTIVE, ,c(3244492.64465323, 13848864.2313874),-10572814.88,3473807.83
35209,0,0,NA,NA,NA,NA, ,4116 DECKER DR,4116, , ,DECKER,DR, , , ,BAYTOWN,TX,77521,HARRIS, ,NA, ,RETAIL SPACE,WEST TOWN SHOPPING CENTER,CUBAN DELI SANDWICH SHOP, , ,cuban,,GC, , ,BAYTOWN,4,4116, , , , ,NA,BOB, , ,City, ,NA,0,0,0, , , , ,,sde,1/10/15 00:00, ,1,0739,BUILDING,ADDRESS_POINTS_20200828, ,BTD.ADR.B0035988, ,,JACOB.PEARSON,1/29/21 00:00,ACTIVE, ,c(3234092.87810249, 13848593.2267376),-10576465.12,3473837.93
35205,0,0,NA,NA,NA,NA, ,4210 DECKER DR,4210, , ,DECKER,DR, , , ,BAYTOWN,TX,77521,HARRIS, ,NA, ,RETAIL SPACE,WEST TOWN SHOPPING CENTER,COYOTES BAR,BAR, ,bar,,GC, , ,BAYTOWN,4,4210, , , , ,NA,BOB, , ,City, ,NA,0,0,0, , , , ,,sde,1/10/15 00:00, ,1,0739,BUILDING,ADDRESS_POINTS_20200828, ,BTD.ADR.B0035984, ,,JACOB.PEARSON,1/29/21 00:00,ACTIVE, ,c(3234230.09676503, 13848714.3594698),-10576415.55,3473878.97
516,0,0,NA,NA,NA,NA, ,4219 W BAKER RD # A,4219, ,W,BAKER,RD, , ,A,BAYTOWN,TX,77521,HARRIS, ,NA, ,RETAIL,SNOW CONE SHOP,SNO CONES, , ,dessert,1,GC, , ,BAYTOWN,4,4219 # A, , , , ,NA,BOB,DRIVE BY,ADDRESS RANGES ALL MESSED UP,City, ,NA,0,0,0, ,APT, , ,, ,, ,1,0739,BUILDING,ADDRESS_POINTS_20200828, ,BTD.ADR.B0001722, ,,JACOB.PEARSON,1/29/21 00:00,ACTIVE,77521-1755,c(3234330.96796292, 13849336.367125),-10576372.73,3474096.99
5574,0,0,NA,NA,NA,NA, ,4221 W BAKER RD,4221, ,W,BAKER,RD, , , ,BAYTOWN,TX,77521,HARRIS, ,NA, ,RETAIL,GROCERIES,BAYTOWN FOOD MART,CONVIENANCE STORE, ,grocery_store,,GC, , ,BAYTOWN,4,4221, , , , ,NA,MATT,CENTERPOINT,ADDRESS RANGES ALL MESSED UP,City, ,NA,0,0,0, , , , ,,sde,1/10/15 00:00, ,1,0739,BUILDING,ADDRESS_POINTS_20200828, ,BTD.ADR.B0005217, ,,JACOB.PEARSON,1/29/21 00:00,ACTIVE,77521-1755,c(3234105.93230475, 13849312.7552502),-10576451.93,3474091.38
32985,0,0,NA,NA,NA,NA, ,4232 DECKER DR # A,4232, , ,DECKER,DR, , ,A,BAYTOWN,TX,77521,HARRIS, ,NA, ,RESTAURANT,WEST TOWN SHOPPING CENTER,CUBAN CAFE,RESTAURANT, ,cuban,,GC, , ,BAYTOWN,4, ,A, ,CUBAN CAFE, ,NA,BOB, , ,City, ,NA,0,0,0, , , , ,,sde,1/10/15 00:00, ,1,0739,RETAIL SPACE,ADDRESS_POINTS_20200828, ,BTD.ADR.B0032546, ,,JACOB.PEARSON,1/29/21 00:00,ACTIVE, ,c(3233658.9477103, 13849074.7526182),-10576611.53,3474012.87
48005,0,0,NA,NA,NA,NA, ,4234 DECKER DR,4234, , ,DECKER,DR, , , ,BAYTOWN,TX,77521,HARRIS, ,NA, ,RETAIL SPACE,WEST TOWN SHOPPING CENTER,JACK IN THE BOX,RESTARAUNT, ,fast_food,,GC, , ,BAYTOWN,4,4234, , ,JACK IN THE BOX, ,NA,BOB, , ,City, ,NA,0,0,0, , , , ,,sde,1/10/15 00:00, ,1,0739,BUILDING,ADDRESS_POINTS_20200828, ,BTD.ADR.B0049324, ,,JACOB.PEARSON,1/29/21 00:00,ACTIVE, ,c(3233518.3348195, 13849037.2231898),-10576661.29,3474001.33
4282,0,0,NA,NA,NA,NA, ,4300 E IH 10,4300, ,E,IH 10, , , , ,BAYTOWN,TX,77521,HARRIS, ,NA, ,RETAIL,RESTAURANT,MAMBO SEAFOOD,SEAFOOD, ,seafood,,GC, , ,BAYTOWN,3,4300, , ,MAMBO SEAFOOD,20151201,NA,BOB, ,new address,City, ,NA,0,0,0, , , , ,, ,, ,4,0456,BUILDING,ADDRESS_POINTS_20200828, ,BTD.ADR.B0005536, ,,JACOB.PEARSON,1/29/21 00:00,ACTIVE,77521-2878,c(3239102.87770274, 13861014.4848317),-10574558.91,3478156.25
18951,0,0,NA,NA,NA,NA, ,4309 W BAKER RD,4309, ,W,BAKER,RD, , , ,BAYTOWN,TX,77521,HARRIS, ,NA, ,RETAIL SPACE,WEST TOWN SHOPPING CENTER,DAIRY QUEEN,RESTARAUNT, ,fast_food,,GC, , ,BAYTOWN,4,4309, , ,DAIRY QUEEN, ,NA,BOB, , ,City, ,NA,0,0,0, , , , ,,sde,1/10/15 00:00, ,1,0739,BUILDING,ADDRESS_POINTS_20200828, ,BTD.ADR.B0019538, ,,JACOB.PEARSON,1/29/21 00:00,ACTIVE,77521-1707,c(3233520.30786388, 13849211.7576146),-10576658.51,3474062.82
4165,0,0,NA,NA,NA,NA, ,4310 GARTH RD,4310, , ,GARTH,RD, , , ,BAYTOWN,TX,77521,HARRIS, ,NA, ,RETAIL,RESTAURANT,SCHLOTSKY'S,SANDWICH, ,sandwich,,GC, , ,BAYTOWN,4,4310, , , , ,NA,MATT,CENTERPOINT, ,City, ,NA,0,0,0, , , , ,,sde,1/10/15 00:00, ,4,0456,BUILDING,ADDRESS_POINTS_20200828, ,BTD.ADR.B0005416, ,,JACOB.PEARSON,1/29/21 00:00,ACTIVE,77521-3114,c(3244570.27663898, 13848988.2163945),-10572786.16,3473850.58
2122,0,0,NA,NA,NA,NA, ,4400 E IH 10,4400, ,E,IH 10, , , , ,BAYTOWN,TX,77521,HARRIS, ,NA, ,COMMERCIAL,RESTAURANT,SALTGRASS STEAK HOUSE,STEAK HOUSE, ,steak_house,1,GC, , ,BAYTOWN,3,4400, , ,SALTGRASS STEAK HOUSE,20151201,NA,BOB, ,new address,City, ,NA,0,0,0, , , , ,, ,, ,4,0456,BUILDING,ADDRESS_POINTS_20200828, ,BTD.ADR.B0002129, ,,JACOB.PEARSON,1/29/21 00:00,ACTIVE,77521-2878,c(3239385.66803924, 13861075.056031),-10574458.98,3478174.19
4090,0,0,NA,NA,NA,NA, ,4402 GARTH RD,4402, , ,GARTH,RD, , , ,BAYTOWN,TX,77521,HARRIS, ,NA, ,RETAIL,RESTAURANT,SHIPLEYS DONUTS,BAKERY, ,bakery,,GC, , ,BAYTOWN,4,4402, , , , ,NA,MATT,CENTERPOINT, ,City, ,NA,0,0,0, , , , ,,sde,1/10/15 00:00, ,4,0456,BUILDING,ADDRESS_POINTS_20200828, ,BTD.ADR.B0005341, ,,JACOB.PEARSON,1/29/21 00:00,ACTIVE,77521-2121,c(3244438.21315516, 13849223.7244927),-10572829.63,3473935.19
59938,0,0,NA,NA,NA,NA, ,4505 GARTH RD,4505, , ,GARTH,RD, , , ,BAYTOWN,TX,77521,HARRIS, ,NA, ,RETAIL SPACE, ,NARA THAI DINING, , ,thai,,GC, , ,BAYTOWN,4,4505, , , , ,NA,MATT,CENTERPOINT, ,City, ,NA,0,0,0, , , , ,,sde,1/10/15 00:00, ,4,0028,BUILDING,ADDRESS_POINTS_20200828, ,BTD.ADR.B0060206,ROBERT.AMOS,8/30/19 00:00,JACOB.PEARSON,1/29/21 00:00,ACTIVE,77521-3982,c(3243966.6753587, 13849590.9177562),-10572990.56,3474070.33
59936,0,0,NA,NA,NA,NA, ,4505 GARTH RD # B,4505, , ,GARTH,RD, , ,B,BAYTOWN,TX,77521,HARRIS, ,NA, ,RETAIL SPACE, ,KINGS BBQ, , ,bbq,,GC, , ,BAYTOWN,4,4505 # B, , , , ,NA,MATT,CENTERPOINT, ,City, ,NA,0,0,0, , , , ,,sde,1/10/15 00:00, ,4,0028,BUILDING,ADDRESS_POINTS_20200828, ,BTD.ADR.B0060204,ROBERT.AMOS,8/30/19 00:00,JACOB.PEARSON,1/29/21 00:00,ACTIVE,77521-3982,c(3243979.32261851, 13849501.7835524),-10572987.20,3474038.76
50641,0,0,NA,NA,NA,NA, ,4505 GARTH RD # C,4505, , ,GARTH,RD, , ,C,BAYTOWN,TX,77521,HARRIS, ,NA, ,RETAIL SPACE, ,BUDS BBQ, , ,bbq,,GC, , ,BAYTOWN,4,4505 # C, , , , ,NA,MATT,CENTERPOINT, ,City, ,NA,0,0,0, , , , ,,sde,1/10/15 00:00, ,4,0028,BUILDING,ADDRESS_POINTS_20200828, ,BTD.ADR.B0052401, ,,JACOB.PEARSON,1/29/21 00:00,ACTIVE,77521-3982,c(3243977.44525013, 13849485.0676422),-10572988.06,3474032.89
53949,0,0,NA,NA,NA,NA, ,4507 GARTH RD # C,4507, , ,GARTH,RD, , ,C,BAYTOWN,TX,77521,HARRIS, ,NA, ,RETAIL SPACE, ,2 CLAWS SEAFOOD, , ,seafood,,GC, , ,BAYTOWN,4,4507 # C, , , , ,NA,MATT,CENTERPOINT, ,City, ,NA,0,0,0, , , , ,,sde,1/10/15 00:00, ,4,0028,RETAIL SPACE,ADDRESS_POINTS_20200828, ,BTD.ADR.B0054125, ,,JACOB.PEARSON,1/29/21 00:00,ACTIVE,77521-3982,c(3243977.86576697, 13849532.5308692),-10572987.34,3474049.62
10213,0,0,NA,NA,NA,NA, ,4508 GARTH RD # G,4508, , ,GARTH,RD, , ,G,BAYTOWN,TX,77521,HARRIS, ,NA, ,RETAIL,RESTAURANT,CICIS PIZZA,PIZZA, ,pizza,,GC, , ,BAYTOWN,4,4508 # G, , , , ,NA,MATT,CENTERPOINT, ,City, ,NA,0,0,0, , , , ,,sde,1/10/15 00:00, ,4,0456,BUILDING,ADDRESS_POINTS_20200828, ,BTD.ADR.B0011122, ,,JACOB.PEARSON,1/29/21 00:00,ACTIVE,77521-2409,c(3244651.83858998, 13849694.8259757),-10572749.03,3474098.65
42433,0,0,NA,NA,NA,NA, ,4517 GARTH RD # A,4517, , ,GARTH,RD, , ,A,BAYTOWN,TX,77521,HARRIS, ,NA, ,RETAIL, ,PIZZA BELLA, , ,pizza,,GC, , ,BAYTOWN,4,4517 # A, , , , ,NA,MATT,CENTERPOINT, ,City, ,NA,0,0,0, , , , ,,sde,1/10/15 00:00, ,4,0028,BUILDING,ADDRESS_POINTS_20200828, ,BTD.ADR.B0043274, ,,JACOB.PEARSON,1/29/21 00:00,ACTIVE,77521-3982,c(3243952.69023981, 13849732.212143),-10572993.76,3474120.30
53092,0,0,NA,NA,NA,NA,4530 EAST FWY,4530 E IH 10,4530, ,E,IH 10, , , , ,BAYTOWN,TX,77521,HARRIS, ,NA, ,RETAIL,RESTAURANT,CHEDDARS, , ,fast_food,,GC, , ,BAYTOWN,3,4530, , ,CHEDDARS,20141110,NA,BOB,CENTERPOINT,RENAMED TO BE IN LINE WITH HARRIS COUNTY 911 FILE,City, ,NA,0,0,0, , , , ,,sde,1/10/15 00:00, ,4,0456,BUILDING,ADDRESS_POINTS_20200828, ,BTD.ADR.B0053640, ,,JACOB.PEARSON,1/29/21 00:00,ACTIVE,77521-2937,c(3239701.91866427, 13861156.5739092),-10574347.06,3478199.10
53898,0,0,NA,NA,NA,NA,4710 HIGHWAY 10,4710 E IH 10,4710, ,E,IH 10, , , , ,BAYTOWN,TX,77521,HARRIS, ,NA, ,COMMERCIAL,FOOD,HOOTERS,RESTAURANT, ,american,,LC, , ,BAYTOWN,3,4710, , ,HOOTERS,20141110,NA,BOB,CENTERPOINT,RENAMED TO BE IN LINE WITH HARRIS COUNTY 911 FILE,City, ,NA,0,0,0, , , , ,,sde,1/10/15 00:00, ,4,0456,BUILDING,ADDRESS_POINTS_20200828, ,BTD.ADR.B0054074, ,,JACOB.PEARSON,1/29/21 00:00,ACTIVE, ,c(3241169.99218138, 13861496.6541697),-10573827.97,3478301.25
16145,0,0,NA,NA,NA,NA,4717 HIGHWAY 10,4717 E IH 10,4717, ,E,IH 10, , , , ,BAYTOWN,TX,77521,HARRIS, ,NA, ,COMMERCIAL,FOOD,RED LOBSTER,RESTAURANT,SEAFOOD,seafood,,GC, , ,BAYTOWN,3,4717, , ,RED LOBSTER,20141110,NA,BOB,CENTERPOINT,RENAMED TO BE IN LINE WITH HARRIS COUNTY 911 FILE,City, ,NA,0,0,0, , , , ,,sde,1/10/15 00:00, ,5,0103,BUILDING,ADDRESS_POINTS_20200828, ,BTD.ADR.B0017114, ,,JACOB.PEARSON,1/29/21 00:00,ACTIVE, ,c(3240862.41154229, 13861841.214177),-10573931.72,3478426.46
61628,0,0,NA,NA,NA,NA, ,4908 GARTH RD,4908, , ,GARTH,RD, , , ,BAYTOWN,TX,77521,HARRIS, ,NA, ,FOOD,RESTAURANT,RAISING CANES # 6, , ,fast_food,,GC, , ,BAYTOWN,4,4908, , , , ,NA,BOB,CENTERPOINT, ,City, ,NA,0,0,0, , , , ,,sde,1/10/15 00:00, ,4,0456,BUILDING,ADDRESS_POINTS_20200828, ,BTD.ADR.B0061514,ROBERT.AMOS,9/14/20 00:00,JACOB.PEARSON,1/29/21 00:00,ACTIVE,77521-2144,c(3244333.8044102, 13851972.9532641),-10572833.07,3474905.49
19950,0,0,NA,NA,NA,NA, ,4910 N MAIN ST,4910, ,N,MAIN,ST, , , ,BAYTOWN,TX,77521,HARRIS, ,NA, ,COMMERCIAL,GROCERY,LA MICHOACANA MEAT MARKET, , ,grocery_store,,GC, , ,BAYTOWN,4,4910, , , ,2014,2014,BOB, ,MAIN ADDRESS,City, ,NA,0,0,0, , , , ,,sde,1/10/15 00:00, ,5,0456,BUILDING,ADDRESS_POINTS_20200828, ,BTD.ADR.B0019350, ,,JACOB.PEARSON,1/29/21 00:00,ACTIVE,77521-2337,c(3248656.70146884, 13852219.6625096),-10571314.02,3474939.93
26619,0,0,NA,NA,NA,NA, ,4911 N MAIN ST,4911, ,N,MAIN,ST, , , ,BAYTOWN,TX,77521,HARRIS, ,NA, ,COMMERCIAL,BAR,DOWN ON MAIN ST BAR, , ,bar,,GC, , ,BAYTOWN,4,4911, , , ,2014,2014,MATT, , ,City, ,NA,0,0,0, , , , ,,sde,1/10/15 00:00, ,4,0456,BUILDING,ADDRESS_POINTS_20200828, ,BTD.ADR.B0026506, ,,JACOB.PEARSON,1/29/21 00:00,ACTIVE,77521-2336,c(3248466.47702351, 13852014.2306001),-10571383.22,3474869.84
52214,0,0,NA,NA,NA,NA,4915 HIGHWAY 10,4915 E IH 10,4915, ,E,IH 10, , , , ,BAYTOWN,TX,77521,HARRIS, ,NA, ,RESTAURANT, ,CREEKS KITCHEN, , ,soul_food,,GC, , ,BAYTOWN,3,4915, , ,CREEKS KITCHEN,20141110,NA,BOB,CENTERPOINT,RENAMED TO BE IN LINE WITH HARRIS COUNTY 911 FILE,City, ,NA,0,0,0, , , , ,,sde,1/10/15 00:00, ,5,0103,BUILDING,ADDRESS_POINTS_20200828, ,BTD.ADR.B0053176, ,,JACOB.PEARSON,1/29/21 00:00,ACTIVE, ,c(3241797.76624023, 13862064.1098184),-10573600.91,3478493.72
42444,0,0,NA,NA,NA,NA,4975 HIGHWAY 10,4975 E IH 10,4975, ,E,IH 10, , , , ,BAYTOWN,TX,77521,HARRIS, ,NA, ,RESTAURANT, ,WHATABURGER, , ,fast_food,,GC, , ,BAYTOWN,3,4975, , ,WHATABURGER,20141110,NA,BOB,CENTERPOINT,RENAMED TO BE IN LINE WITH HARRIS COUNTY 911 FILE,City, ,NA,0,0,0, , , , ,,sde,1/10/15 00:00, ,5,0103,BUILDING,ADDRESS_POINTS_20200828, ,BTD.ADR.B0043286, ,,JACOB.PEARSON,1/29/21 00:00,ACTIVE, ,c(3242022.03879909, 13862134.1711198),-10573521.39,3478515.71
5563,0,0,NA,NA,NA,NA, ,4996 GARTH RD,4996, , ,GARTH,RD, , , ,BAYTOWN,TX,77521,HARRIS, ,NA, ,RETAIL,RESTAURANT,CHIPOTLE,MEXICAN, ,mexican,,GC, , ,BAYTOWN,4,4996, , , , ,NA,BOB,CENTERPOINT, ,City, ,NA,0,0,0, , , , ,,sde,1/10/15 00:00, ,4,0456,BUILDING,ADDRESS_POINTS_20200828, ,BTD.ADR.B0005206, ,,JACOB.PEARSON,1/29/21 00:00,ACTIVE,77521-2142,c(3244332.51732726, 13852990.6424702),-10572821.24,3475264.24
4057,0,0,NA,NA,NA,NA, ,500 N ALEXANDER DR,500, ,N,ALEXANDER,DR, , , ,BAYTOWN,TX,77520,HARRIS, ,NA, ,RETAIL,GROCERIES,KIL & B DISC-MART, , ,grocery_store,,MU, ,RIZ ZONE,BAYTOWN,6,500, , , , ,NA,BOB, , ,City, ,NA,0,0,0, , , , ,,sde,1/10/15 00:00, ,7,0249,BUILDING,ADDRESS_POINTS_20200828, ,BTD.ADR.B0005308, ,,JACOB.PEARSON,1/29/21 00:00,ACTIVE,77520-5302,c(3251403.7383472, 13836064.3963746),-10570546.57,3469213.20
48667,0,0,NA,NA,NA,NA, ,500 S MAIN ST,500, ,S,MAIN,ST, , , ,BAYTOWN,TX,77520,HARRIS, ,NA, ,COMMERCIAL,RESTAURANT,WHATAPOLLO,MEXICAN, ,mexican,,MU, ,RIZ ZONE,BAYTOWN,2,500, , , , ,NA,BOB, , ,City, ,NA,0,0,0, , , , ,,sde,1/10/15 00:00, ,2,0248,BUILDING,ADDRESS_POINTS_20200828, ,BTD.ADR.B0050395, ,,JACOB.PEARSON,1/29/21 00:00,ACTIVE,77520-4072,c(3248395.46990083, 13837036.4221837),-10571589.37,3469592.30
4124,0,0,NA,NA,NA,NA, ,5006 GARTH RD,5006, , ,GARTH,RD, , , ,BAYTOWN,TX,77521,HARRIS, ,NA, ,RETAIL,RESTAURANT,CHICK-FIL-A,CHICKEN, ,fast_food,,GC, , ,BAYTOWN,4,5006, , , , ,NA,BOB,CENTERPOINT, ,City, ,NA,0,0,0, , , , ,,sde,1/10/15 00:00, ,4,0456,BUILDING,ADDRESS_POINTS_20200828, ,BTD.ADR.B0005375, ,,JACOB.PEARSON,1/29/21 00:00,ACTIVE,77521-2142,c(3244203.37630397, 13853245.2073905),-10572863.46,3475355.54
4177,0,0,NA,NA,NA,NA, ,501 N ALEXANDER DR,501, ,N,ALEXANDER,DR, , , ,BAYTOWN,TX,77520,HARRIS, ,NA, ,RESTAURANT,MEXICAN,TAQUERIA RESTAURANT EL SOL DE MEXICO,MEXICAN, ,mexican,,MU, ,RIZ ZONE,BAYTOWN,2,501, , , , ,NA,BOB, , ,City, ,NA,0,0,0, , , , ,,sde,1/10/15 00:00, ,2,0100,BUILDING,ADDRESS_POINTS_20200828, ,BTD.ADR.B0005428, ,,JACOB.PEARSON,1/29/21 00:00,ACTIVE,77520-5301,c(3251222.51843009, 13836102.9220496),-10570609.63,3469228.98
43566,0,0,NA,NA,NA,NA, ,501 N COMMERCE ST,501, ,N,COMMERCE,ST, , , ,BAYTOWN,TX,77520,HARRIS, ,NA, ,COMMERCIAL,BAR,ALIBIS BAR, , ,bar,,MU, ,RIZ ZONE,BAYTOWN,2,501, , , , ,NA,BOB, , ,City, ,NA,0,0,0, , , , ,,sde,1/10/15 00:00, ,2,0248,BUILDING,ADDRESS_POINTS_20200828, ,BTD.ADR.B0044014, ,,JACOB.PEARSON,1/29/21 00:00,ACTIVE,77520-4077,c(3248005.21235757, 13837158.8080905),-10571724.70,3469640.17
48849,0,0,NA,NA,NA,NA, ,501 W MAIN ST,501, ,W,MAIN,ST, , , ,BAYTOWN,TX,77520,HARRIS, ,NA, ,COMMERCIAl,RESTAURANT,TAQUERIA ACEVEDO, , ,mexican,,MU, ,RIZ ZONE,BAYTOWN,1,501, , , , ,NA,BOB, , ,City, ,NA,0,0,0, , , , ,,sde,1/10/15 00:00, ,2,0248,BUILDING,ADDRESS_POINTS_20200828, ,BTD.ADR.B0048542, ,,JACOB.PEARSON,1/29/21 00:00,ACTIVE,77520-7546,c(3245288.12284057, 13831682.5291211),-10572743.29,3467743.74
20596,0,0,NA,NA,NA,NA,5017 HIGHWAY 10,5017 E IH 10,5017, ,E,IH 10, , , , ,BAYTOWN,TX,77521,HARRIS, ,NA, ,COMMERCIAL, ,STARBUCKS COFFEE, , ,coffee_shop,,GC, , ,BAYTOWN,3,5017, , ,STARBUCKS COFFEE,20141110,NA,BOB,CENTERPOINT,RENAMED TO BE IN LINE WITH HARRIS COUNTY 911 FILE,City, ,NA,0,0,0, , , , ,,sde,1/10/15 00:00, ,5,0103,BUILDING,ADDRESS_POINTS_20200828, ,BTD.ADR.B0022023, ,,JACOB.PEARSON,1/29/21 00:00,ACTIVE, ,c(3242228.96136785, 13862166.585411),-10573448.41,3478524.63
61662,0,0,NA,NA,NA,NA,5050 EAST FWY,5050 E IH 10,5050, ,E,IH 10, , , , ,BAYTOWN,TX,77521,HARRIS, ,NA, ,COMMERCIAL,RESTAURANT,CHILIS GRILL & BAR,TEX-MEX, ,american,,LC, , ,BAYTOWN,3,5050, , ,CHILI'S GRILL & BAR,20201112,NA,BOB,CENTERPOINT, ,City, ,NA,0,0,0, , , , ,,sde,1/10/15 00:00, ,4,0456,BUILDING,ADDRESS_POINTS_20200828, ,BTD.ADR.B0061548,ROBERT.AMOS,11/12/20 00:00,JACOB.PEARSON,1/29/21 00:00,ACTIVE,77521-2556,c(3242280.99280117, 13861671.9356951),-10573436.12,3478349.59
5571,0,0,NA,NA,NA,NA,5060 EAST FWY,5060 E IH 10,5060, ,E,IH 10, , , , ,BAYTOWN,TX,77521,HARRIS, ,NA, ,RETAIL,RESTAURANT,PANDA EXPRESS,CHINESE, ,chinese,,LC, , ,BAYTOWN,3,5060, , ,PANDA EXPRESS,20141110,NA,BOB,CENTERPOINT, ,City, ,NA,0,0,0, , , , ,,sde,1/10/15 00:00, ,4,0456,BUILDING,ADDRESS_POINTS_20200828, ,BTD.ADR.B0005214, ,,JACOB.PEARSON,1/29/21 00:00,ACTIVE,77521-2556,c(3242480.51979216, 13861734.6437491),-10573365.37,3478369.29
4222,0,0,NA,NA,NA,NA, ,507 W REPUBLIC AVE,507, ,W,REPUBLIC,AVE, , , ,BAYTOWN,TX,77520,HARRIS, ,NA, ,RETAIL,GROCERIES,CHAVEZ GROCERIES, , ,grocery_store,,MU, ,RIZ ZONE,BAYTOWN,2,507, , , , ,NA,BOB, , ,City, ,NA,0,0,0, , , , ,,sde,1/10/15 00:00, ,2,0099,BUILDING,ADDRESS_POINTS_20200828, ,BTD.ADR.B0005473, ,,JACOB.PEARSON,1/29/21 00:00,ACTIVE, ,c(3245947.34965663, 13835332.7774146),-10572468.16,3469021.78
33694,0,0,NA,NA,NA,NA,5107 HIGHWAY 10,5107 E IH 10,5107, ,E,IH 10, , , , ,BAYTOWN,TX,77521,HARRIS, ,NA, ,COMMERCIAL,RESTAURANT,JACK IN THE BOX, , ,fast_food,,GC, , ,BAYTOWN,4,5107, , ,JACK-N-THE-BOX,20141110,NA,BOB,CENTERPOINT,RENAMED TO BE IN LINE WITH HARRIS COUNTY 911 FILE,City, ,NA,0,0,0, , , , ,,sde,1/10/15 00:00, ,5,0103,BUILDING,ADDRESS_POINTS_20200828, ,BTD.ADR.B0032867, ,,JACOB.PEARSON,1/29/21 00:00,ACTIVE, ,c(3242701.93352985, 13862271.8548143),-10573281.22,3478556.01
32732,0,0,NA,NA,NA,NA,5173 HIGHWAY 10,5173 E IH 10,5173, ,E,IH 10, , , , ,BAYTOWN,TX,77521,HARRIS, ,NA, , ,RESTAURANT,CRACKER BARREL OLD COUNTRY STORE, , ,american,,GC, , ,BAYTOWN,4,5173, , ,CRACKER BARREL OLD COUNTRY STORE,20141110,NA,BOB,CENTERPOINT,RENAMED TO BE IN LINE WITH HARRIS COUNTY 911 FILE,City, ,NA,0,0,0, , , , ,,sde,1/10/15 00:00, ,5,0103,BUILDING,ADDRESS_POINTS_20200828, ,BTD.ADR.B0033497, ,,JACOB.PEARSON,1/29/21 00:00,ACTIVE, ,c(3243139.02610098, 13862391.7109138),-10573126.44,3478592.97
4059,0,0,NA,NA,NA,NA,5218 HIGHWAY 10,5218 E IH 10,5218, ,E,IH 10, , , , ,BAYTOWN,TX,77521,HARRIS, ,NA, ,RETAIL,RESTAURANT,OUTBACK STEAK HOUSE,STEAK, ,steak_house,,GC, , ,BAYTOWN,4,5218, , ,OUTBACK STEAK HOUSE,20141110,NA,BOB,CENTERPOINT,RENAMED TO BE IN LINE WITH HARRIS COUNTY 911 FILE,City, ,NA,0,0,0, , , , ,,sde,1/10/15 00:00, ,4,0456,BUILDING,ADDRESS_POINTS_20200828, ,BTD.ADR.B0005310, ,,JACOB.PEARSON,1/29/21 00:00,ACTIVE, ,c(3243024.94251886, 13861878.6208613),-10573172.65,3478413.45
32972,0,0,NA,NA,NA,NA, ,5518 BAYWAY DR,5518, , ,BAYWAY,DR, , , ,BAYTOWN,TX,77520,HARRIS, ,NA, ,COMMERCAIL,FOOD,DONS TEXAS BAR, , ,bar,,SF2, , ,BAYTOWN,3,5518, , , , ,NA,MATT,CENTERPOINT, ,City, ,NA,0,0,0, , , , ,,sde,1/10/15 00:00, ,1,0013,BUILDING,ADDRESS_POINTS_20200828, ,BTD.ADR.B0032532, ,,JACOB.PEARSON,1/29/21 00:00,ACTIVE,77520-2107,c(3227676.74613531, 13841065.1009372),-10578804.78,3471261.77
16941,0,0,NA,NA,NA,NA, ,5790 N MAIN ST,5790, ,N,MAIN,ST, , , ,BAYTOWN,TX,77521,HARRIS, ,NA, ,COMMERCIAL,BAKERY,BAKERY DONUTS, , ,bakery,,GC, , ,BAYTOWN,4,5790, , , ,2014,2014,MATT, , ,City, ,NA,0,0,0, , , , ,,sde,1/10/15 00:00, ,5,0456,BUILDING,ADDRESS_POINTS_20200828, ,BTD.ADR.B0016691, ,,JACOB.PEARSON,1/29/21 00:00,ACTIVE, ,c(3248493.18208504, 13856652.7032612),-10571317.69,3476504.60
5593,0,0,NA,NA,NA,NA, ,5810 GARTH RD,5810, , ,GARTH,RD, , , ,BAYTOWN,TX,77521,HARRIS, ,NA, ,RETAIL,RESTAURANT,EL TORO MEXICAN RESTAURANT,MEXICAN, ,mexican,,GC, , ,BAYTOWN,4,5810, , , , ,NA,BOB, , ,City, ,NA,0,0,0, , , , ,, ,, ,4,0456,BUILDING,ADDRESS_POINTS_20200828, ,BTD.ADR.B0005236, ,,JACOB.PEARSON,1/29/21 00:00,ACTIVE, ,c(3243739.53321888, 13855238.7092128),-10573002.09,3476063.89
32594,0,0,NA,NA,NA,NA, ,6 W TEXAS AVE,6, ,W,TEXAS,AVE, , , ,BAYTOWN,TX,77520,HARRIS, ,NA, ,RETAIL,RESTAURANT,ROOSTER BBQ,B-B-Q, ,bbq,,ACE, ,RIZ ZONE,BAYTOWN,2,6, , , , ,NA,BOB, , ,City, ,NA,0,0,0, , , , ,,sde,1/10/15 00:00, ,2,0248,BUILDING,ADDRESS_POINTS_20200828, ,BTD.ADR.B0033357, ,,JACOB.PEARSON,1/29/21 00:00,ACTIVE, ,c(3247849.51373963, 13835878.6859798),-10571794.76,3469191.02
61773,0,0,NA,NA,NA,NA, ,6199 DECKER DR # 120,6199, , ,DECKER,DR, , ,120,BAYTOWN,TX,77520,HARRIS, ,NA, ,COMMERCIAL,RETAIL SPACE,CHECKERS,CHECKERS, ,fast_food,,GC, , ,BAYTOWN,3,6199 # 120,120, , ,20191011,NA,bob,address request,PLANS SUBMITTED FOR CHECKERS RESTAURANT,City, ,NA,0,0,0, , , , ,,sde,1/10/15 00:00, ,3,0013,BUILDING PROPOSED,ADDRESS_POINTS_20200828, ,BTD.ADR.B0061659,ROBERT.AMOS,12/16/20 00:00,JACOB.PEARSON,1/29/21 00:00,ACTIVE,77520-1242,c(3227227.91060727, 13853142.5334308),-10578818.39,3475523.86
52256,0,0,NA,NA,NA,NA, ,622 W MAIN ST,622, ,W,MAIN,ST, , , ,BAYTOWN,TX,77520,HARRIS, ,NA, ,COMMERCIAL,BAR,TEJANO SUNBRITE BAR, , ,bar,,MU, ,RIZ ZONE,BAYTOWN,2,622, , , , ,NA,BOB, , ,City, ,NA,0,0,0, , , , ,,sde,1/10/15 00:00, ,2,0248,BUILDING,ADDRESS_POINTS_20200828, ,BTD.ADR.B0053219, ,,JACOB.PEARSON,1/29/21 00:00,ACTIVE, ,c(3244798.50991632, 13831571.9537131),-10572916.24,3467710.72
4029,0,0,NA,NA,NA,NA, ,623 W TEXAS AVE,623, ,W,TEXAS,AVE, , , ,BAYTOWN,TX,77520,HARRIS, ,NA, ,RETAIL,RESTAURANT,MARY'S CAKES AND COOKIES,BAKERY, ,bakery,,ACE, ,RIZ ZONE,BAYTOWN,2,623, , , , ,NA,BOB, , ,City, ,NA,0,0,0, , , , ,,sde,1/10/15 00:00, ,2,0099,BUILDING,ADDRESS_POINTS_20200828, ,BTD.ADR.B0005280, ,,JACOB.PEARSON,1/29/21 00:00,ACTIVE,77520-4755,c(3245477.75753835, 13836560.4041033),-10572617.96,3469460.01
61221,0,0,NA,NA,NA,NA, ,6300 GARTH RD,6300, , ,GARTH,RD, , ,350,BAYTOWN,TX,77521,HARRIS, ,NA, ,RETAIL,GROCERIES,HEB, , ,grocery_store,, , , ,BAYTOWN,4,6300, , , , ,NA,BOB, , ,City, ,NA,0,0,0, , , , ,, ,, ,4,0456,BUILDING,ADDRESS_POINTS_20200828, ,BTD.ADR.B0060692,ROBERT.AMOS,12/19/19 00:00,JACOB.PEARSON,1/29/21 00:00,ACTIVE, ,c(3244044.35175603, 13858455.357485),-10572856.36,3477194.17
61219,0,0,NA,NA,NA,NA, ,6300 GARTH RD # 330,6300, , ,GARTH,RD, , ,300,BAYTOWN,TX,77521,HARRIS, ,NA, ,RETAIL,GROCERIES,AIRI RAMEN, , ,japanese,, , , ,BAYTOWN,4, ,330, , , ,NA,BOB, , ,City, ,NA,0,0,0, , , , ,, ,, ,4,0456,BUILDING,ADDRESS_POINTS_20200828, ,BTD.ADR.B0060689,ROBERT.AMOS,12/19/19 00:00,JACOB.PEARSON,1/29/21 00:00,ACTIVE, ,c(3244011.06527934, 13858433.4689336),-10572868.30,3477186.85
32533,0,0,NA,NA,NA,NA, ,6311 GARTH RD,6311, , ,GARTH,RD, , , ,BAYTOWN,TX,77521,HARRIS, ,NA, ,RETAIL, ,TACO CABANA, , ,mexican,,GC, , ,BAYTOWN,3,6311, , , , ,NA,MATT,CENTERPOINT, ,City, ,NA,0,0,0, , , , ,,sde,1/10/15 00:00, ,1,0456,BUILDING,ADDRESS_POINTS_20200828, ,BTD.ADR.B0033296, ,,JACOB.PEARSON,1/29/21 00:00,ACTIVE,77521-9686,c(3243059.76429129, 13857798.7939748),-10573209.64,3476974.64
4128,0,0,NA,NA,NA,NA, ,6315 GARTH RD,6315, , ,GARTH,RD, , , ,BAYTOWN,TX,77521,HARRIS, ,NA, ,RETAIL,GROCERIES,KROGER, , ,grocery_store,,GC, , ,BAYTOWN,3,6315, , , , ,NA,MATT,CENTERPOINT, ,City, ,NA,0,0,0, , , , ,,sde,1/10/15 00:00, ,1,0456,BUILDING,ADDRESS_POINTS_20200828, ,BTD.ADR.B0005379, ,,JACOB.PEARSON,1/29/21 00:00,ACTIVE, ,c(3242474.04470399, 13857537.3453162),-10573418.24,3476889.56
56661,0,0,NA,NA,NA,NA, ,6320 GARTH RD # 105,6320, , ,GARTH,RD, , ,105,BAYTOWN,TX,77521,HARRIS, ,NA, ,COMMERCIAL,RETAIL SPACE,FIRST WATCH,RESRAURANT, ,american,, , , ,BAYTOWN,4, ,105, ,FIRST WATCH, ,NA,BOB, , ,City, ,NA,0,0,0, , , , ,, ,, ,4,0456,BUILDING,ADDRESS_POINTS_20200828, ,BTD.ADR.B0058080, ,,JACOB.PEARSON,1/29/21 00:00,ACTIVE, ,c(3243341.14663279, 13858063.3961802),-10573107.75,3477064.51
56664,0,0,NA,NA,NA,NA, ,6320 GARTH RD # 140,6320, , ,GARTH,RD, , ,140,BAYTOWN,TX,77521,HARRIS, ,NA, ,COMMERCIAL,RETAIL SPACE,ZERO DEGREES,RESTAURANT, ,dessert,, , , ,BAYTOWN,4, ,140, ,ZERO, ,NA,BOB, , ,City, ,NA,0,0,0, , , , ,, ,, ,4,0456,BUILDING,ADDRESS_POINTS_20200828, ,BTD.ADR.B0058084, ,,JACOB.PEARSON,1/29/21 00:00,ACTIVE, ,c(3243326.88956252, 13858143.0572614),-10573111.79,3477092.77
3609,0,0,NA,NA,NA,NA, ,6325 GARTH RD # 110,6325, , ,GARTH,RD, , ,110,BAYTOWN,TX,77521,HARRIS, ,NA, ,COMMERCIAL,RETAIL SPACE,J&J ASIAN CAFE, , ,chinese,,GC, , ,BAYTOWN,3, ,110, , , ,NA,BOB, , ,City, ,NA,0,0,0, , , , ,, ,, ,1,0456,BUILDING,ADDRESS_POINTS_20200828, ,BTD.ADR.B0002422, ,,JACOB.PEARSON,1/29/21 00:00,ACTIVE, ,c(3243030.62611929, 13857976.3005829),-10573217.72,3477037.57
3610,0,0,NA,NA,NA,NA, ,6325 GARTH RD # 120,6325, , ,GARTH,RD, , ,120,BAYTOWN,TX,77521,HARRIS, ,NA, ,COMMERCIAL,RETAIL SPACE,JIMMY JOHNS SANDWICHES, , ,sandwich,,GC, , ,BAYTOWN,3, ,120, , , ,NA,BOB, , ,City, ,NA,0,0,0, , , , ,, ,, ,1,0456,BUILDING,ADDRESS_POINTS_20200828, ,BTD.ADR.B0002423, ,,JACOB.PEARSON,1/29/21 00:00,ACTIVE, ,c(3243027.14490984, 13858007.9017034),-10573218.56,3477048.75
56669,0,0,NA,NA,NA,NA, ,6360 GARTH RD # 150,6360, , ,GARTH,RD, , ,150,BAYTOWN,TX,77521,HARRIS, ,NA, ,COMMERCIAL,RETAIL SPACE,MOD PIZZA,RESTAURANT, ,pizza,, , , ,BAYTOWN,4, ,150, ,MOD PIZZA, ,NA,BOB, , ,City, ,NA,0,0,0, , , , ,, ,, ,4,0456,BUILDING,ADDRESS_POINTS_20200828, ,BTD.ADR.B0058090, ,,JACOB.PEARSON,1/29/21 00:00,ACTIVE, ,c(3243438.51863226, 13858311.699858),-10573070.60,3477150.87
4044,0,0,NA,NA,NA,NA, ,6405 GARTH RD # 100,6405, , ,GARTH,RD, , ,100,BAYTOWN,TX,77521,HARRIS, ,NA, ,COMMERCIAL,RETAIL SPACE,FIREHOUSE SUBS,RESTAURANT, ,sandwich,,GC, , ,BAYTOWN,3, ,100, , , ,NA,MATT,CENTERPOINT, ,City, ,NA,0,0,0, , , , ,,sde,1/10/15 00:00, ,1,0456,BUILDING,ADDRESS_POINTS_20200828, ,BTD.ADR.B0005295, ,,JACOB.PEARSON,1/29/21 00:00,ACTIVE,77521-2142,c(3243002.04662439, 13858304.2424272),-10573223.79,3477153.53
33416,0,0,NA,NA,NA,NA, ,6405 GARTH RD # 500,6405, , ,GARTH,RD, , ,140,BAYTOWN,TX,77521,HARRIS, ,NA, ,COMMERCIAL,RETAIL SPACE,PIZZA HUT, , ,pizza,,GC, , ,BAYTOWN,3, ,140, , , ,NA,MATT,CENTERPOINT, ,City, ,NA,0,0,0, , , , ,,sde,1/10/15 00:00, ,1,0456,BUILDING,ADDRESS_POINTS_20200828, ,BTD.ADR.B0033789, ,,JACOB.PEARSON,1/29/21 00:00,ACTIVE,77521-2142,c(3242982.64285404, 13858418.3653357),-10573229.22,3477194.00
10207,0,0,NA,NA,NA,NA, ,6431 GARTH RD,6431, , ,GARTH,RD, , , ,BAYTOWN,TX,77521,HARRIS, ,NA, ,RETAIL,RESTAURANT,DAIRY QUEEN, , ,fast_food,,GC, , ,BAYTOWN,3,6431, , , , ,NA,MATT,CENTERPOINT, ,City, ,NA,0,0,0, , , , ,,sde,1/10/15 00:00, ,1,0456,BUILDING,ADDRESS_POINTS_20200828, ,BTD.ADR.B0011116, ,,JACOB.PEARSON,1/29/21 00:00,ACTIVE,77521-2142,c(3242965.62283479, 13858589.2001072),-10573233.13,3477254.43
4078,0,0,NA,NA,NA,NA, ,6439 GARTH RD,6439, , ,GARTH,RD, , , ,BAYTOWN,TX,77521,HARRIS, ,NA, ,RETAIL,RESTAURANT,PANERA BREAD,SANDWICH, ,sandwich,,GC, , ,BAYTOWN,3,6439, , , , ,NA,MATT,CENTERPOINT, ,City, ,NA,0,0,0, , , , ,,sde,1/10/15 00:00, ,1,0456,BUILDING,ADDRESS_POINTS_20200828, ,BTD.ADR.B0005329, ,,JACOB.PEARSON,1/29/21 00:00,ACTIVE,77521-2142,c(3242947.58300019, 13858722.532199),-10573237.85,3477301.66
56671,0,0,NA,NA,NA,NA, ,6503 GARTH RD # 150,6503, , ,GARTH,RD, , ,100,BAYTOWN,TX,77521,HARRIS, ,NA, ,COMMERCIAL,RETAIL SPACE,SALATA SALADS, , ,american,,GC, , ,BAYTOWN,3, ,6503 # 100, , , ,NA,BOB, , ,City, ,NA,0,0,0, , , , ,, ,, ,4,0456,BUILDING,ADDRESS_POINTS_20200828, ,BTD.ADR.B0058092, ,,JACOB.PEARSON,1/29/21 00:00,ACTIVE, ,c(3242948.8068322, 13859006.1969531),-10573234.00,3477401.65
5588,0,0,NA,NA,NA,NA, ,6604 GARTH RD,6604, , ,GARTH,RD, , , ,BAYTOWN,TX,77521,HARRIS, ,NA, ,RETAIL,RESTAURANT,BUFFALO WILD WINGS,WINGS, ,american,,GC, , ,BAYTOWN,4,6604, , , , ,NA,MATT,CENTERPOINT, ,City, ,NA,0,0,0, , , , ,,sde,1/10/15 00:00, ,4,0456,BUILDING,ADDRESS_POINTS_20200828, ,BTD.ADR.B0005231, ,,JACOB.PEARSON,1/29/21 00:00,ACTIVE,77521-8623,c(3243084.86487761, 13859728.7461066),-10573177.56,3477654.74
42439,0,0,NA,NA,NA,NA, ,6608 GARTH RD,6608, , ,GARTH,RD, , , ,BAYTOWN,TX,77521,HARRIS, ,NA, ,RETAIL SPACE,FOOD,SUBWAY, , ,sandwich,,GC, , ,BAYTOWN,4,6608, , , , ,NA,MATT,CENTERPOINT, ,City, ,NA,0,0,0, , , , ,,sde,1/10/15 00:00, ,4,0456,BUILDING,ADDRESS_POINTS_20200828, ,BTD.ADR.B0043281, ,,JACOB.PEARSON,1/29/21 00:00,ACTIVE,77521-8623,c(3243420.15119687, 13859736.046678),-10573059.86,3477653.25
16128,0,0,NA,NA,NA,NA, ,6612 GARTH RD,6612, , ,GARTH,RD, , , ,BAYTOWN,TX,77521,HARRIS, ,NA, ,RETAIL SPACE,FOOD,EDIBLE ARRANGEMENTS, , ,dessert,,GC, , ,BAYTOWN,4,6612, , , , ,NA,MATT,CENTERPOINT, ,City, ,NA,0,0,0, , , , ,,sde,1/10/15 00:00, ,4,0456,BUILDING,ADDRESS_POINTS_20200828, ,BTD.ADR.B0017097, ,,JACOB.PEARSON,1/29/21 00:00,ACTIVE,77521-8623,c(3243414.45450585, 13859769.890263),-10573061.45,3477665.25
5591,0,0,NA,NA,NA,NA, ,6615 GARTH RD,6615, , ,GARTH,RD, , , ,BAYTOWN,TX,77521,HARRIS, ,NA, ,RETAIL,RESTAURANT,TEXAS ROAD HOUSE,STEAK, ,steak_house,,LC, , ,BAYTOWN,3,6615, , , , ,NA,MATT,CENTERPOINT, ,City, ,NA,0,0,0, , , , ,,sde,1/10/15 00:00, ,4,0456,BUILDING,ADDRESS_POINTS_20200828, ,BTD.ADR.B0005234, ,,JACOB.PEARSON,1/29/21 00:00,ACTIVE,77521-8623,c(3242773.51761533, 13859984.5626806),-10573283.69,3477748.71
4255,0,0,NA,NA,NA,NA, ,6730 N MAIN ST,6730, ,N,MAIN,ST, , , ,BAYTOWN,TX,77521,HARRIS, ,NA, ,RETAIL,BAKERY,TASTYKAKE, , ,bakery,,GC, , ,BAYTOWN,4,6730, , ,BAKERY OUTLET, ,NA,BOB, , ,City, ,NA,0,0,0, , , , ,12/30/1899 12:00:00 AM, ,12/30/1899 12:00:00 AM, ,5,0456,BUILDING,ADDRESS_POINTS_20200828, ,BTD.ADR.B0005506, ,,JACOB.PEARSON,1/29/21 00:00,ACTIVE, ,c(3248309.28765183, 13861237.5256131),-10571326.67,3478123.22
4164,0,0,NA,NA,NA,NA, ,6744 GARTH RD,6744, , ,GARTH,RD, , , ,BAYTOWN,TX,77521,HARRIS, ,NA, ,RETAIL,RESTAURANT,OLIVE GARDEN,ITALION, ,italian,,GC, , ,BAYTOWN,4,6744, , , , ,NA,MATT,CENTERPOINT, ,City, ,NA,0,0,0, , , , ,,sde,1/10/15 00:00, ,4,0456,BUILDING,ADDRESS_POINTS_20200828, ,BTD.ADR.B0005415, ,,JACOB.PEARSON,1/29/21 00:00,ACTIVE,77521-8623,c(3243041.90948558, 13860137.3435776),-10573187.70,3477799.32
5584,0,0,NA,NA,NA,NA, ,6800 GARTH RD,6800, , ,GARTH,RD, , , ,BAYTOWN,TX,77521,HARRIS, ,NA, ,RETAIL,RESTAURANT,TACO BELL,MEXICAN, ,fast_food,,GC, , ,BAYTOWN,4,6800, , , , ,NA,MATT,CENTERPOINT, ,City, ,NA,0,0,0, , , , ,,sde,1/10/15 00:00, ,4,0456,BUILDING,ADDRESS_POINTS_20200828, ,BTD.ADR.B0005227, ,,JACOB.PEARSON,1/29/21 00:00,ACTIVE,77521-9649,c(3242955.07113817, 13860284.2393511),-10573216.39,3477852.16
4223,0,0,NA,NA,NA,NA, ,6804 GARTH RD,6804, , ,GARTH,RD, , , ,BAYTOWN,TX,77521,HARRIS, ,NA, ,RETAIL,RESTAURANT,POPEYES CHICKEN,CHICKEN, ,fast_food,,GC, , ,BAYTOWN,4,6804, , , , ,NA,MATT,CENTERPOINT, ,City, ,NA,0,0,0, , , , ,,sde,1/10/15 00:00, ,4,0456,BUILDING,ADDRESS_POINTS_20200828, ,BTD.ADR.B0005474, ,,JACOB.PEARSON,1/29/21 00:00,ACTIVE, ,c(3242948.41619575, 13860450.4469977),-10573216.72,3477910.84
4225,0,0,NA,NA,NA,NA, ,6806 GARTH RD,6806, , ,GARTH,RD, , , ,BAYTOWN,TX,77521,HARRIS, ,NA, ,RETAIL,RESTAURANT,WENDY'S BURGERS,BURGER, ,fast_food,,GC, , ,BAYTOWN,4,6806, , , , ,NA,MATT,CENTERPOINT, ,City, ,NA,0,0,0, , , , ,,sde,1/10/15 00:00, ,4,0456,BUILDING,ADDRESS_POINTS_20200828, ,BTD.ADR.B0005476, ,,JACOB.PEARSON,1/29/21 00:00,ACTIVE,77521-9649,c(3242915.91152396, 13860608.1808811),-10573226.22,3477966.85
22073,0,0,NA,NA,NA,NA, ,6809 BAYWAY DR,6809, , ,BAYWAY,DR, , , ,BAYTOWN,TX,77520,HARRIS, ,NA, ,COMMERCIAL,BAKERY,TONYS BBQ AND STEAK HOUSE, , ,bbq,,MU, , ,BAYTOWN,1,6809, , , , ,NA,MATT,CENTERPOINT, ,City, ,NA,0,0,0, , , , ,,sde,1/10/15 00:00, ,3,0013,BUILDING,ADDRESS_POINTS_20200828, ,BTD.ADR.B0023513, ,,JACOB.PEARSON,1/29/21 00:00,ACTIVE,77520-1501,c(3227091.1885666, 13846240.514488),-10578948.50,3473092.69
5587,0,0,NA,NA,NA,NA, ,7000 GARTH RD,7000, , ,GARTH,RD, , , ,BAYTOWN,TX,77521,HARRIS, ,NA, ,RETAIL,RESTAURANT,MCDONALDS,BURGER, ,fast_food,,GC, , ,BAYTOWN,4,7000, , ,MCDONALDS, ,NA,MATT,CENTERPOINT, ,City, ,NA,0,0,0, , , , ,,sde,1/10/15 00:00, ,4,0456,BUILDING,ADDRESS_POINTS_20200828, ,BTD.ADR.B0005230, ,,JACOB.PEARSON,1/29/21 00:00,ACTIVE,77521-9595,c(3242778.26721483, 13861582.9116635),-10573262.75,3478312.18
3480,0,0,NA,NA,NA,NA, ,701 N MAIN ST,701, ,N,MAIN,ST, , , ,BAYTOWN,TX,77520,HARRIS, ,NA, ,COMMERCIAL,BAR,MAGOOS, , ,bar,,MU, ,RIZ ZONE,BAYTOWN,2,701, , , , ,NA,BOB, , ,City, ,NA,0,0,0, , , , ,,sde,1/10/15 00:00, ,2,0099,BUILDING,ADDRESS_POINTS_20200828, ,BTD.ADR.B0003513, ,,JACOB.PEARSON,1/29/21 00:00,ACTIVE,77520-4649,c(3248476.40250941, 13837531.4174186),-10571555.01,3469765.73
5603,0,0,NA,NA,NA,NA, ,7017 GARTH RD,7017, , ,GARTH,RD, , , ,BAYTOWN,TX,77521,HARRIS, ,NA, ,RETAIL,RESTAURANT,JOHNNY CARINOS,MEXICAN, ,italian,,LC, , ,BAYTOWN,3,7017, , , , ,NA,MATT,CENTERPOINT, ,City, ,NA,0,0,0, , , , ,,sde,1/10/15 00:00, ,4,0456,BUILDING,ADDRESS_POINTS_20200828, ,BTD.ADR.B0005246, ,,JACOB.PEARSON,1/29/21 00:00,ACTIVE,77521-8623,c(3242575.31869566, 13861391.6585062),-10573336.25,3478247.21
4003,0,0,NA,NA,NA,NA, ,707 N ALEXANDER DR,707, ,N,ALEXANDER,DR, , , ,BAYTOWN,TX,77520,HARRIS, ,NA, ,RESTAURANT,BURGER,GENERAL WOK,CHINESE, ,chinese,,MU, ,RIZ ZONE,BAYTOWN,2,707, , , , ,NA,BOB, , ,City, ,NA,0,0,0, , , , ,,sde,1/10/15 00:00, ,2,0100,BUILDING,ADDRESS_POINTS_20200828, ,BTD.ADR.B0005255, ,,JACOB.PEARSON,1/29/21 00:00,ACTIVE,77520-5305,c(3251407.76290905, 13836656.5354491),-10570537.98,3469421.78
16434,0,0,NA,NA,NA,NA, ,715 W MAIN ST,715, ,W,MAIN,ST, , , ,BAYTOWN,TX,77520,HARRIS, ,NA, ,COMMERCIAL,RESTAURANT,BAYTOWN SEAFOOD,SEAFOOD / SEAFOOD MARKET, ,seafood,,MU, ,RIZ ZONE,BAYTOWN,1,715, , , , ,NA,BOB, , ,City, ,NA,0,0,0, , , , ,,sde,1/10/15 00:00, ,2,0248,BUILDING,ADDRESS_POINTS_20200828, ,BTD.ADR.B0017797, ,,JACOB.PEARSON,1/29/21 00:00,ACTIVE, ,c(3244491.09632275, 13831314.2165553),-10573027.10,3467623.65
40573,0,0,NA,NA,NA,NA, ,7203 GARTH RD,7203, , ,GARTH,RD, , , ,BAYTOWN,TX,77521,HARRIS, ,NA, ,COMMERCIAL,REATAURANT,WAFFLE HOUSE, , ,american,,GC, , ,BAYTOWN,3,7203, , ,WAFFLE HOUSE, ,NA,MATT,CENTERPOINT, ,City, ,NA,0,0,0, , , , ,,sde,1/10/15 00:00, ,5,0103,BUILDING,ADDRESS_POINTS_20200828, ,BTD.ADR.B0040592, ,,JACOB.PEARSON,1/29/21 00:00,ACTIVE, ,c(3242455.65976973, 13862402.4114758),-10573366.04,3478605.03
30307,0,0,NA,NA,NA,NA, ,7207 GARTH RD,7207, , ,GARTH,RD, , , ,BAYTOWN,TX,77521,HARRIS, ,NA, ,COMMERCIAL,RESTAURANT,DENNYS, , ,american,,GC, , ,BAYTOWN,3,7207, , ,DENNYS, ,NA,MATT,CENTERPOINT, ,City, ,NA,0,0,0, , , , ,,sde,1/10/15 00:00, ,5,0103,BUILDING,ADDRESS_POINTS_20200828, ,BTD.ADR.B0030635, ,,JACOB.PEARSON,1/29/21 00:00,ACTIVE,77521-8706,c(3242382.97156676, 13862686.0435061),-10573388.12,3478705.92
47604,0,0,NA,NA,NA,NA, ,7330 GARTH RD,7330, , ,GARTH,RD, , , ,BAYTOWN,TX,77521,HARRIS, ,NA, ,COMMERCIAL,RESTAURANT,CHICKEN EXPRESS, , ,fast_food,,GC, , ,BAYTOWN,4,7330, , ,CHICKEN EXPRESS, ,NA,BOB,CENTERPOINT, ,City, ,NA,0,0,0, , , , ,,sde,1/10/15 00:00, ,5,0103,BUILDING,ADDRESS_POINTS_20200828, ,BTD.ADR.B0046888, ,,JACOB.PEARSON,1/29/21 00:00,ACTIVE, ,c(3242513.73832385, 13863073.0093262),-10573337.58,3478840.77
32556,0,0,NA,NA,NA,NA, ,7360 GARTH RD,7360, , ,GARTH,RD, , , ,COUNTY,TX,77521,HARRIS, ,NA, ,COMMERCIAL,RESTAURANT,SONIC DRIVE IN, , ,fast_food,,COUNTY AREA, , ,COUNTY AREA, ,7360, , ,SONIC DRIVE IN, ,NA,BOB,CENTERPOINT, , , ,NA,0,0,0, , , , ,,sde,1/10/15 00:00, ,5,0103,BUILDING,ADDRESS_POINTS_20200828, ,BTD.ADR.B0033319, ,,JACOB.PEARSON,1/29/21 00:00,ACTIVE, ,c(3242478.09129424, 13863183.7658589),-10573348.75,3478880.26
55552,0,0,NA,NA,NA,NA, ,7615 HARRISON ST,7615, , ,HARRISON,ST, , , ,COUNTY,TX,77521,HARRIS, ,NA, ,COMMERCIAL,BAR,SPORTSMAN LOUNGE, , ,bar,,COUNTY AREA, , ,COUNTY AREA, ,7615, , , , ,NA,BOB, , , , ,NA,0,0,0, , , , ,,sde,1/10/15 00:00, ,1,0250,BUILDING,ADDRESS_POINTS_20200828, ,BTD.ADR.B0054932, ,,JACOB.PEARSON,1/29/21 00:00,ACTIVE,77521-1020,c(3228530.62144738, 13862249.3174216),-10578252.92,3478718.87
55548,0,0,NA,NA,NA,NA, ,7619 HARRISON ST,7619, , ,HARRISON,ST, , , ,COUNTY,TX,77521,HARRIS, ,NA, ,RETAIL,GROCERIES,ANTIOCH COUNTRY KITCHEN,STORE, ,soul_food,,COUNTY AREA, , ,COUNTY AREA, ,7619, , , , ,NA,BOB, , , , ,NA,0,0,0, , , , ,,sde,1/10/15 00:00, ,1,0250,BUILDING,ADDRESS_POINTS_20200828, ,BTD.ADR.B0054928, ,,JACOB.PEARSON,1/29/21 00:00,ACTIVE,77521-1020,c(3228522.56987274, 13862310.9193739),-10578255.01,3478740.69
4018,0,0,NA,NA,NA,NA, ,7735 DECKER DR,7735, , ,DECKER,DR, , , ,COUNTY,TX,77520,HARRIS, ,NA, ,RETAIL,RESTAURANT,4 CORNERS B-B-Q,B-B-Q, ,bbq,,COUNTY AREA, , ,COUNTY AREA, ,7735, , ,4 CORNERS B-B-Q, ,NA,BOB, , , , ,NA,0,0,0, , , , ,,sde,1/10/15 00:00, ,0,0740,BUILDING,ADDRESS_POINTS_20200828, ,BTD.ADR.B0005269, ,,JACOB.PEARSON,1/29/21 00:00,ACTIVE,77520-1046,c(3218752.64371766, 13855681.7114981),-10581760.90,3476520.08
5533,0,0,NA,NA,NA,NA, ,7930 N SH 146,7930, ,N,SH 146, , , , ,BAYTOWN,TX,77523,CHAMBERS, ,NA, ,RETAIL,RESTAURANT,SHIPLEYS DONUTS,BURGER, ,bakery,,GC, , ,BAYTOWN LIMITED,5,7930, , , ,20140905,NA,BOB,CHAMBERS, ,City, ,NA,0,0,0, , , , ,,sde,1/9/15 00:00, ,6,0011,BUILDING,ADDRESS_POINTS_20200828, ,BTD.ADR.B0005176, ,,JACOB.PEARSON,1/29/21 00:00,ACTIVE, ,c(3267682.68408416, 13864215.1465245),-10564494.16,3478935.45
5577,0,0,NA,NA,NA,NA, ,800 DECKER DR,800, , ,DECKER,DR, , , ,BAYTOWN,TX,77520,HARRIS, ,NA, ,RETAIL,RESTAURANT,JACK IN THE BOX,BURGER, ,fast_food,,ACE, ,RIZ ZONE,BAYTOWN,2,800, , , , ,NA,BOB, , ,City, ,NA,0,0,0, , , , ,,sde,1/10/15 00:00, ,2,0099,BUILDING,ADDRESS_POINTS_20200828, ,BTD.ADR.B0005220, ,,JACOB.PEARSON,1/29/21 00:00,ACTIVE, ,c(3244822.75350257, 13837231.8047986),-10572839.48,3469704.52
50328,0,0,NA,NA,NA,NA, ,800 W MAIN ST,800, ,W,MAIN,ST, , , ,BAYTOWN,TX,77520,HARRIS, ,NA, ,COMMERCIAL,GROCERY STORE,LOS CORRALES MEAT MARKET, , ,grocery_store,,MU, ,RIZ ZONE,BAYTOWN,2,800, , , , ,NA,BOB, , ,City, ,NA,0,0,0, , , , ,,sde,1/10/15 00:00, ,2,0248,BUILDING,ADDRESS_POINTS_20200828, ,BTD.ADR.B0051682, ,,JACOB.PEARSON,1/29/21 00:00,ACTIVE,77520-6853,c(3244313.21429261, 13831453.5681777),-10573087.77,3467674.89
4060,0,0,NA,NA,NA,NA, ,8011 FM 3180 RD # A,8011, , ,FM 3180,RD, , ,A,COUNTY,TX,77523,CHAMBERS, ,NA, ,RETAIL,RETAIL,THE CAKE BOX,RETAIL, ,bakery,,COUNTY AREA, , ,COUNTY AREA, , ,A, , , ,NA,BOB, , , , ,NA,0,0,0, , , , ,, ,, ,0,0008,BUILDING,ADDRESS_POINTS_20200828, ,BTD.ADR.B0005311, ,,JACOB.PEARSON,1/29/21 00:00,ACTIVE, ,c(3284699.66555946, 13865699.5952291),-10558506.09,3479247.16
61659,0,0,NA,NA,NA,NA, ,8011 FM 3180 RD # D,8011, , ,FM 3180,RD, , ,D,COUNTY,TX,77523,CHAMBERS, ,NA, ,RETAIL,RETAIL,LANI'S DONUTS,RETAIL, ,bakery,,COUNTY AREA, , ,COUNTY AREA, , , , , , ,NA,BOB, , , , ,NA,0,0,0, , , , ,, ,, ,0,0008,BUILDING,ADDRESS_POINTS_20200828, ,BTD.ADR.B0061545,ROBERT.AMOS,11/6/20 00:00,JACOB.PEARSON,1/29/21 00:00,ACTIVE, ,c(3284703.81411095, 13865765.7909675),-10558503.81,3479270.45
3474,0,0,NA,NA,NA,NA, ,814 DECKER DR,814, , ,DECKER,DR, , , ,BAYTOWN,TX,77520,HARRIS, ,NA, ,BILLBOARD ON-SITE,SIGN,JACK IN THE BOX, , ,fast_food,,ACE, ,RIZ ZONE,BAYTOWN,2,814, , , , ,NA,BOB, , ,City, ,NA,0,0,0, , , , ,,sde,1/10/15 00:00, ,2,0099,UTILITY SIGN,ADDRESS_POINTS_20200828, ,BTD.ADR.B0003507, ,,JACOB.PEARSON,1/29/21 00:00,ACTIVE, ,c(3244819.41861452, 13837180.3317966),-10572841.27,3469686.42
9570,0,0,NA,NA,NA,NA, ,8302 N SH 146,8302, ,N,SH 146, , , , ,BAYTOWN,TX,77523,CHAMBERS, ,NA, ,COMMERCIAL,FOOD,TACO BELL,MEXICAN,MEXICAN,fast_food,,GC, , ,BAYTOWN LIMITED,5,8302, , , ,20140905,NA,BOB,CHAMBERS,"Imported from Chambers Address Point file, Bob",City, ,NA,0,0,0, , , , ,,sde,1/9/15 00:00, ,6,0011,BUILDING,ADDRESS_POINTS_20200828, ,BTD.ADR.B0010057, ,,JACOB.PEARSON,1/29/21 00:00,ACTIVE, ,c(3268063.72925889, 13865914.8597767),-10564339.58,3479530.05
4107,0,0,NA,NA,NA,NA, ,8608 N SH 146 # 500,8608, ,N,SH 146, , , ,500,BAYTOWN,TX,77523,CHAMBERS, ,NA, ,RETAIL,RESTAURANT,PIZZA HUT,PIZZA, ,pizza,,GC, , ,BAYTOWN LIMITED,5,8608,8608, , , ,NA,BOB,BAYTOWN, ,City, ,NA,0,0,0, , , , ,,sde,1/9/15 00:00, ,6,0011,BUILDING,ADDRESS_POINTS_20200828, ,BTD.ADR.B0005358, ,,JACOB.PEARSON,1/29/21 00:00,ACTIVE, ,c(3268508.14870429, 13867240.9176432),-10564167.35,3479992.13
4095,0,0,NA,NA,NA,NA, ,8730 N SH 146,8730, ,N,SH 146, , , , ,BAYTOWN,TX,77523,CHAMBERS, ,NA, ,RETAIL,RESTAURANT,WHATABURGER,BURGER, ,fast_food,,GC, , ,BAYTOWN LIMITED,5,8730, , , , ,NA,BOB,BAYTOWN, ,City, ,NA,0,0,0, , , , ,,sde,1/9/15 00:00, ,0,0011,BUILDING,ADDRESS_POINTS_20200828, ,BTD.ADR.B0005346, ,,JACOB.PEARSON,1/29/21 00:00,ACTIVE, ,c(3268526.38802004, 13867700.1201738),-10564155.30,3480153.83
4103,0,0,NA,NA,NA,NA, ,8738 N SH 146,8738, ,N,SH 146, , , , ,BAYTOWN,TX,77523,CHAMBERS, ,NA, ,RETAIL,RESTAURANT,CHICK-FIL-A,CHICKEN, ,fast_food,,GC, , ,BAYTOWN LIMITED,5,8738, , , , ,NA,BOB,BAYTOWN, ,City, ,NA,0,0,0, , , , ,,sde,1/9/15 00:00, ,0,0011,BUILDING,ADDRESS_POINTS_20200828, ,BTD.ADR.B0005354, ,,JACOB.PEARSON,1/29/21 00:00,ACTIVE, ,c(3268597.54187568, 13867898.9038799),-10564127.89,3480223.04
4093,0,0,NA,NA,NA,NA, ,8823 N SH 146,8823, ,N,SH 146, , , , ,BAYTOWN,TX,77523,CHAMBERS, ,NA, ,RETAIL,RESTAURANT,WENDY'S BURGERS,BURGER, ,fast_food,,GC, , ,BAYTOWN LIMITED,5,8823, , , , ,NA,BOB,BAYTOWN, ,City, ,NA,0,0,0, , , , ,,sde,1/9/15 00:00, ,0,0011,BUILDING,ADDRESS_POINTS_20200828, ,BTD.ADR.B0005344, ,,JACOB.PEARSON,1/29/21 00:00,ACTIVE, ,c(3268456.93063562, 13867494.3903453),-10564182.20,3480082.14
4132,0,0,NA,NA,NA,NA, ,8832 N SH 146,8832, ,N,SH 146, , , , ,BAYTOWN,TX,77523,CHAMBERS, ,NA, ,RETAIL,RESTAURANT,JACK IN THE BOX,BURGER, ,fast_food,,GC, , ,BAYTOWN LIMITED,5,8832, , , , ,NA,BOB,BAYTOWN, ,City, ,NA,0,0,0, , , , ,,sde,1/9/15 00:00, ,0,0011,BUILDING,ADDRESS_POINTS_20200828, ,BTD.ADR.B0005383, ,,JACOB.PEARSON,1/29/21 00:00,ACTIVE, ,c(3268692.82642837, 13868481.4646505),-10564087.29,3480427.29
4111,0,0,NA,NA,NA,NA, ,8835 N SH 146,8835, ,N,SH 146, , , , ,BAYTOWN,TX,77523,CHAMBERS, ,NA, ,RETAIL,RESTAURANT,BAYTOWN SEAFOOD,SEAFOOD, ,seafood,,GC, , ,BAYTOWN,5,8835, , , , ,NA,BOB,BAYTOWN, ,City, ,NA,0,0,0, , , , ,,sde,1/9/15 00:00, ,0,0011,BUILDING,ADDRESS_POINTS_20200828, ,BTD.ADR.B0005362, ,,JACOB.PEARSON,1/29/21 00:00,ACTIVE, ,c(3268194.94852114, 13868154.6331871),-10564265.99,3480318.20
4100,0,0,NA,NA,NA,NA, ,8841 N SH 146,8841, ,N,SH 146, , , , ,BAYTOWN,TX,77523,CHAMBERS, ,NA, ,RETAIL,RESTAURANT,SONIC DRIVE IN,BURGERS, ,fast_food,,GC, , ,BAYTOWN,5,8841, , , , ,NA,BOB,BAYTOWN, ,City, ,NA,0,0,0, , , , ,,sde,1/9/15 00:00, ,0,0011,BUILDING,ADDRESS_POINTS_20200828, ,BTD.ADR.B0005351, ,,JACOB.PEARSON,1/29/21 00:00,ACTIVE, ,c(3268193.16851854, 13868274.4774719),-10564265.14,3480360.48
4219,0,0,NA,NA,NA,NA, ,904 DECKER DR,904, , ,DECKER,DR, , , ,BAYTOWN,TX,77520,HARRIS, ,NA, ,RETAIL,RESTAURANT,WESTCOAST DONUTS,BAKERY, ,bakery,,ACE, ,RIZ ZONE,BAYTOWN,2,904, , , , ,NA,BOB, , ,City, ,NA,0,0,0, , , , ,,sde,1/10/15 00:00, ,2,0099,BUILDING,ADDRESS_POINTS_20200828, ,BTD.ADR.B0005470, ,,JACOB.PEARSON,1/29/21 00:00,ACTIVE,77520-4434,c(3244792.34793258, 13837339.5114978),-10572848.84,3469742.84